run_id,seed,condition,landscape,terrain_force_enabled,terrain_production_enabled,wealth_decay_rate,base_production,exchange_rate,exchange_noise_strength,exchange_reversion_rate,exchange_enabled,epsilon_log_sigma,dt,temperature,storage_order,explicit_phase_state,calibration_component,cpp_config,run_dir,resource_npy,initial_conditions,terrain_sha256,resource_sha256,initial_conditions_sha256,resource_density_spearman_rho,density_morans_i,occupancy_entropy,wealth_gini,wealth_variance,mean_wealth,zero_wealth_fraction,minimum_wealth,particle_count,mean_resource_at_particles,mean_source_rate,total_source_rate,minimum_wealth_observed,stationarity_pass,density_morans_i__normalized_drift,density_morans_i__iat,density_morans_i__ess,occupancy_entropy__normalized_drift,occupancy_entropy__iat,occupancy_entropy__ess,wealth_gini__normalized_drift,wealth_gini__iat,wealth_gini__ess,wealth_variance__normalized_drift,wealth_variance__iat,wealth_variance__ess,zero_wealth_fraction__normalized_drift,zero_wealth_fraction__iat,zero_wealth_fraction__ess,total_wealth_relative_drift,snapshots_used,wealth_scale_ratio
seed-12391--clustered-d0.02,12391,clustered-d0.02,clustered,False,True,0.02,0.01,0.5,0.05,1.0,True,0.5,0.005,0.5,canonical,False,timestep,research/jobs/E2-CHANNEL-ABLATION-C4/workspace/runs/seed-12391--clustered-d0.02/politeia.cfg,research/jobs/E2-CHANNEL-ABLATION-C4/workspace/runs/seed-12391--clustered-d0.02,research/jobs/E2-CHANNEL-ABLATION-C4/workspace/inputs/seed-12391/clustered-resource.npy,research/jobs/E2-CHANNEL-ABLATION-C4/workspace/inputs/seed-12391/initial-sigma-0.01-eps-0.5.csv,5506683a8ab71c9fcae76defd4201f4ee58fa4cea19de46dbb5456b9b521251a,d2dc351e73c0d14f631c91e8949d20a0578377aedcdd81d5b8e7dba3009585d2,babd251378579b1500bba029edcc21ebb6badca4c7fa44bd7a9a39484caf63e8,-0.003120157031681852,0.0006849601119721073,0.8111039961489239,0.7544960399528138,0.932058464818872,0.4851339640447543,0.0,1.6278403892575282e-09,1000.0,0.9988598587106614,0.009742970942840311,9.742970942840309,5.686056057168475e-10,False,0.017319169206643593,1.1852115782781842,121.49729435582798,3.12467582603507e-05,1.5610169621223167,92.24755623681467,0.0017065972531120934,7.844192043761171,18.357531176780597,0.12305949973609082,26.38979517618476,5.456654704540926,0.0,1.0,144.0,-0.901381066268366,144,0.09702679280895085
seed-12391--shuffled-d0.02,12391,shuffled-d0.02,shuffled,False,True,0.02,0.01,0.5,0.05,1.0,True,0.5,0.005,0.5,canonical,False,timestep,research/jobs/E2-CHANNEL-ABLATION-C4/workspace/runs/seed-12391--shuffled-d0.02/politeia.cfg,research/jobs/E2-CHANNEL-ABLATION-C4/workspace/runs/seed-12391--shuffled-d0.02,research/jobs/E2-CHANNEL-ABLATION-C4/workspace/inputs/seed-12391/shuffled-resource.npy,research/jobs/E2-CHANNEL-ABLATION-C4/workspace/inputs/seed-12391/initial-sigma-0.01-eps-0.5.csv,4177474188c833e03f095fd0a250dd8f827dd60c4648248cce72b48f0584342b,8763788c47e330a367707bbf61301d71bbb748e48d2764e41b3d35f485c8cea3,babd251378579b1500bba029edcc21ebb6badca4c7fa44bd7a9a39484caf63e8,0.0013414158692499146,0.0006849601119721073,0.8111039961489239,0.6782666124677628,0.5741283977345844,0.49513755282103844,0.0,1.9631242868650955e-07,1000.0,1.001737803540514,0.009879866642269754,9.879866642269754,1.9631242868650955e-07,True,0.017319169206643593,1.1852115782781842,121.49729435582798,3.12467582603507e-05,1.5610169621223167,92.24755623681467,0.0028956814438979997,4.252664692611883,33.86112247461455,0.01944402487721558,6.335525107009085,22.72897629916906,0.0,1.0,144.0,-0.9014434610159362,144,0.0990275105642077
seed-12391--flat-d0.02,12391,flat-d0.02,flat,False,True,0.02,0.01,0.5,0.05,1.0,True,0.5,0.005,0.5,canonical,False,timestep,research/jobs/E2-CHANNEL-ABLATION-C4/workspace/runs/seed-12391--flat-d0.02/politeia.cfg,research/jobs/E2-CHANNEL-ABLATION-C4/workspace/runs/seed-12391--flat-d0.02,research/jobs/E2-CHANNEL-ABLATION-C4/workspace/inputs/seed-12391/flat-resource.npy,research/jobs/E2-CHANNEL-ABLATION-C4/workspace/inputs/seed-12391/initial-sigma-0.01-eps-0.5.csv,43a1a4678b17657829db5148fbd1f2f4ddb1d36b47cdd3e64a85bc10cdc93c28,066944a792fc8c127c6813e27817e64234be30a3452704c601f9487139545688,babd251378579b1500bba029edcc21ebb6badca4c7fa44bd7a9a39484caf63e8,,0.0006849601119721073,0.8111039961489239,0.6769336632394549,0.5645196667991133,0.49404293810889766,0.0,1.1434382629889234e-05,1000.0,1.0,0.009880858762177952,9.880858762177953,1.143438262988923e-05,True,0.017319169206643593,1.1852115782781842,121.49729435582798,3.12467582603507e-05,1.5610169621223167,92.24755623681467,0.0015882731271750468,4.145754502730693,34.73432879471064,0.006189719646255451,4.8169191546098284,29.894626705991296,0.0,1.0,144.0,-0.9011914123782204,144,0.09880858762177953
seed-12391--clustered-d0.01,12391,clustered-d0.01,clustered,False,True,0.01,0.005,0.5,0.05,1.0,True,0.5,0.005,0.5,canonical,False,timestep,research/jobs/E2-CHANNEL-ABLATION-C4/workspace/runs/seed-12391--clustered-d0.01/politeia.cfg,research/jobs/E2-CHANNEL-ABLATION-C4/workspace/runs/seed-12391--clustered-d0.01,research/jobs/E2-CHANNEL-ABLATION-C4/workspace/inputs/seed-12391/clustered-resource.npy,research/jobs/E2-CHANNEL-ABLATION-C4/workspace/inputs/seed-12391/initial-sigma-0.01-eps-0.5.csv,5506683a8ab71c9fcae76defd4201f4ee58fa4cea19de46dbb5456b9b521251a,d2dc351e73c0d14f631c91e8949d20a0578377aedcdd81d5b8e7dba3009585d2,babd251378579b1500bba029edcc21ebb6badca4c7fa44bd7a9a39484caf63e8,-0.003120157031681852,0.0006849601119721073,0.8111039961489239,0.7613791443795631,0.9753973235931271,0.483199101547357,0.0,8.139201946287641e-10,1000.0,0.9988598587106614,0.004871485471420156,4.871485471420154,2.8430280285842373e-10,True,0.017319169206643593,1.1852115782781842,121.49729435582798,3.12467582603507e-05,1.5610169621223167,92.24755623681467,0.0020396512256473103,8.479882276161293,16.98136781978847,0.08603643250659793,21.299885110067454,6.760599846237573,0.0,1.0,144.0,-0.900620668880063,144,0.09663982030947141
seed-12391--clustered-d0.04,12391,clustered-d0.04,clustered,False,True,0.04,0.02,0.5,0.05,1.0,True,0.5,0.005,0.5,canonical,False,timestep,research/jobs/E2-CHANNEL-ABLATION-C4/workspace/runs/seed-12391--clustered-d0.04/politeia.cfg,research/jobs/E2-CHANNEL-ABLATION-C4/workspace/runs/seed-12391--clustered-d0.04,research/jobs/E2-CHANNEL-ABLATION-C4/workspace/inputs/seed-12391/clustered-resource.npy,research/jobs/E2-CHANNEL-ABLATION-C4/workspace/inputs/seed-12391/initial-sigma-0.01-eps-0.5.csv,5506683a8ab71c9fcae76defd4201f4ee58fa4cea19de46dbb5456b9b521251a,d2dc351e73c0d14f631c91e8949d20a0578377aedcdd81d5b8e7dba3009585d2,babd251378579b1500bba029edcc21ebb6badca4c7fa44bd7a9a39484caf63e8,-0.003120157031681852,0.0006849601119721073,0.8111039961489239,0.7383019885462624,0.8447423281615496,0.4862722765779608,0.0,3.2556807785150564e-09,1000.0,0.9988598587106614,0.019485941885680622,19.485941885680617,1.137211211433695e-09,False,0.017319169206643593,1.1852115782781842,121.49729435582798,3.12467582603507e-05,1.5610169621223167,92.24755623681467,0.0008239811343478101,6.936806723221826,20.758831223874527,0.14498426218829177,30.590639805378594,4.707322269692484,0.0,1.0,144.0,-0.902632864922171,144,0.09725445531559215
seed-12401--clustered-d0.02,12401,clustered-d0.02,clustered,False,True,0.02,0.01,0.5,0.05,1.0,True,0.5,0.005,0.5,canonical,False,timestep,research/jobs/E2-CHANNEL-ABLATION-C4/workspace/runs/seed-12401--clustered-d0.02/politeia.cfg,research/jobs/E2-CHANNEL-ABLATION-C4/workspace/runs/seed-12401--clustered-d0.02,research/jobs/E2-CHANNEL-ABLATION-C4/workspace/inputs/seed-12401/clustered-resource.npy,research/jobs/E2-CHANNEL-ABLATION-C4/workspace/inputs/seed-12401/initial-sigma-0.01-eps-0.5.csv,4b9c949c7abd488f416c070678f340768a5e101b21032073afaecb09f8c5a584,5529140dc1940792cf76564f76352f71e4cd4fb73b4da00c917772d8ef29f9ae,97b6673fea2c775d9fefffcf33d7afa138631119082fb3a2f163cfdb4ec931e4,-0.017873412507570876,-0.0013476149643694617,0.8112327572962679,0.7488853151311785,0.8286397266680556,0.47253582509112885,6.944444444444445e-06,0.0,1000.0,0.9761600566471841,0.009475086901476514,9.475086901476514,0.0,False,0.04348929549665945,1.0,144.0,0.00031016624502261836,1.0,144.0,0.004383981344377835,19.73845825669997,7.295402615912062,0.0914501707415333,22.879697889275388,6.293789397783021,0.014655172413793107,1.0,144.0,-0.9047827640480692,144,0.09450716501822577
seed-12401--shuffled-d0.02,12401,shuffled-d0.02,shuffled,False,True,0.02,0.01,0.5,0.05,1.0,True,0.5,0.005,0.5,canonical,False,timestep,research/jobs/E2-CHANNEL-ABLATION-C4/workspace/runs/seed-12401--shuffled-d0.02/politeia.cfg,research/jobs/E2-CHANNEL-ABLATION-C4/workspace/runs/seed-12401--shuffled-d0.02,research/jobs/E2-CHANNEL-ABLATION-C4/workspace/inputs/seed-12401/shuffled-resource.npy,research/jobs/E2-CHANNEL-ABLATION-C4/workspace/inputs/seed-12401/initial-sigma-0.01-eps-0.5.csv,a70a2007a3678b88a915800dc3676884363b3ea4e83a111f8278c4cd9a1641bc,484c947431ce58c96602ac5a24b5214bbe67a778efaf6600a10018970859bb32,97b6673fea2c775d9fefffcf33d7afa138631119082fb3a2f163cfdb4ec931e4,-0.0015406618874021288,-0.0013476149643694617,0.8112327572962679,0.6775739107618471,0.5640554561566724,0.4952908260083141,0.0,6.477700043161375e-08,1000.0,0.999619699889828,0.009905065739417724,9.905065739417726,6.477700043161375e-08,True,0.04348929549665945,1.0,144.0,0.00031016624502261836,1.0,144.0,0.00033503417478400146,3.3304458609529406,43.23745408634184,0.00039503554909118665,4.9769404669020965,28.933438315695387,0.0,1.0,144.0,-0.9007236414603074,144,0.09905816520166282
seed-12401--flat-d0.02,12401,flat-d0.02,flat,False,True,0.02,0.01,0.5,0.05,1.0,True,0.5,0.005,0.5,canonical,False,timestep,research/jobs/E2-CHANNEL-ABLATION-C4/workspace/runs/seed-12401--flat-d0.02/politeia.cfg,research/jobs/E2-CHANNEL-ABLATION-C4/workspace/runs/seed-12401--flat-d0.02,research/jobs/E2-CHANNEL-ABLATION-C4/workspace/inputs/seed-12401/flat-resource.npy,research/jobs/E2-CHANNEL-ABLATION-C4/workspace/inputs/seed-12401/initial-sigma-0.01-eps-0.5.csv,7633822c53bad1ddffcd330a05571c64c3b874fdbd1e21b0d95a7328883ce281,fef5f52118a113fddd5c6ae99bd8e5a852ca5fb3c11d66a225da7ae556df8466,97b6673fea2c775d9fefffcf33d7afa138631119082fb3a2f163cfdb4ec931e4,,-0.0013476149643694617,0.8112327572962679,0.6755633407743868,0.5558003341863009,0.4962027726897252,0.0,9.797080870430296e-06,1000.0,1.0,0.009924055453794505,9.924055453794507,9.797080870430296e-06,True,0.04348929549665945,1.0,144.0,0.00031016624502261836,1.0,144.0,0.00024078409091558823,3.5150806413089577,40.96634322061436,0.01237828333290222,7.478966189495257,19.253997992698284,0.0,1.0,144.0,-0.900759445462055,144,0.09924055453794503
seed-12401--clustered-d0.01,12401,clustered-d0.01,clustered,False,True,0.01,0.005,0.5,0.05,1.0,True,0.5,0.005,0.5,canonical,False,timestep,research/jobs/E2-CHANNEL-ABLATION-C4/workspace/runs/seed-12401--clustered-d0.01/politeia.cfg,research/jobs/E2-CHANNEL-ABLATION-C4/workspace/runs/seed-12401--clustered-d0.01,research/jobs/E2-CHANNEL-ABLATION-C4/workspace/inputs/seed-12401/clustered-resource.npy,research/jobs/E2-CHANNEL-ABLATION-C4/workspace/inputs/seed-12401/initial-sigma-0.01-eps-0.5.csv,4b9c949c7abd488f416c070678f340768a5e101b21032073afaecb09f8c5a584,5529140dc1940792cf76564f76352f71e4cd4fb73b4da00c917772d8ef29f9ae,97b6673fea2c775d9fefffcf33d7afa138631119082fb3a2f163cfdb4ec931e4,-0.017873412507570876,-0.0013476149643694617,0.8112327572962679,0.7521806851734794,0.8413407656317717,0.47194746055112297,0.0,3.681190496047238e-10,1000.0,0.9761600566471841,0.004737543450738257,4.737543450738257,0.0,False,0.04348929549665945,1.0,144.0,0.00031016624502261836,1.0,144.0,0.0031930479190140203,18.412421211054202,7.820807396777737,0.07268261598627784,21.378404086299213,6.73576939694415,0.0,1.0,144.0,-0.9044922011222294,144,0.0943894921102246
seed-12401--clustered-d0.04,12401,clustered-d0.04,clustered,False,True,0.04,0.02,0.5,0.05,1.0,True,0.5,0.005,0.5,canonical,False,timestep,research/jobs/E2-CHANNEL-ABLATION-C4/workspace/runs/seed-12401--clustered-d0.04/politeia.cfg,research/jobs/E2-CHANNEL-ABLATION-C4/workspace/runs/seed-12401--clustered-d0.04,research/jobs/E2-CHANNEL-ABLATION-C4/workspace/inputs/seed-12401/clustered-resource.npy,research/jobs/E2-CHANNEL-ABLATION-C4/workspace/inputs/seed-12401/initial-sigma-0.01-eps-0.5.csv,4b9c949c7abd488f416c070678f340768a5e101b21032073afaecb09f8c5a584,5529140dc1940792cf76564f76352f71e4cd4fb73b4da00c917772d8ef29f9ae,97b6673fea2c775d9fefffcf33d7afa138631119082fb3a2f163cfdb4ec931e4,-0.017873412507570876,-0.0013476149643694617,0.8112327572962679,0.736854320712715,0.7739057829893478,0.4730060399745649,6.944444444444445e-06,0.0,1000.0,0.9761600566471841,0.018950173802953028,18.950173802953028,0.0,False,0.04348929549665945,1.0,144.0,0.00031016624502261836,1.0,144.0,0.005214051903398692,20.139951257671058,7.149967651741569,0.09556954142232021,21.615149397829317,6.661994203679253,0.014655172413793107,1.0,144.0,-0.904983666925143,144,0.09460120799491298
seed-12409--clustered-d0.02,12409,clustered-d0.02,clustered,False,True,0.02,0.01,0.5,0.05,1.0,True,0.5,0.005,0.5,canonical,False,timestep,research/jobs/E2-CHANNEL-ABLATION-C4/workspace/runs/seed-12409--clustered-d0.02/politeia.cfg,research/jobs/E2-CHANNEL-ABLATION-C4/workspace/runs/seed-12409--clustered-d0.02,research/jobs/E2-CHANNEL-ABLATION-C4/workspace/inputs/seed-12409/clustered-resource.npy,research/jobs/E2-CHANNEL-ABLATION-C4/workspace/inputs/seed-12409/initial-sigma-0.01-eps-0.5.csv,a4e57d1c222a4034a71a89c0bb8845000b493c26934125008606ea4736b6e53b,0dce00914a1325d878b045f7a2941b9907fb6fdeae1b0973641d0c9a8c4cca41,b9f77a2489d7c36c46bc720c43cb59ac563c5b75fa88dee0c0f7bd75dbc7cc26,0.0028176319905006087,-0.0015739556593528286,0.8112146255199372,0.7466469737707384,0.8977495855675472,0.48530024979253095,0.0,2.272966616748769e-09,1000.0,1.0037665878215687,0.009688451244617665,9.688451244617665,8.628354551448318e-11,False,0.029198779362385137,1.8595746414934984,77.43706371708095,0.0003150669531517507,1.1022254987633813,130.64477292673575,0.021783369088185005,39.53823789263327,3.642043947204586,0.13441867560506682,28.56486254627886,5.0411585130753185,0.0,1.0,144.0,-0.904116032738534,144,0.09706004995850619
seed-12409--shuffled-d0.02,12409,shuffled-d0.02,shuffled,False,True,0.02,0.01,0.5,0.05,1.0,True,0.5,0.005,0.5,canonical,False,timestep,research/jobs/E2-CHANNEL-ABLATION-C4/workspace/runs/seed-12409--shuffled-d0.02/politeia.cfg,research/jobs/E2-CHANNEL-ABLATION-C4/workspace/runs/seed-12409--shuffled-d0.02,research/jobs/E2-CHANNEL-ABLATION-C4/workspace/inputs/seed-12409/shuffled-resource.npy,research/jobs/E2-CHANNEL-ABLATION-C4/workspace/inputs/seed-12409/initial-sigma-0.01-eps-0.5.csv,f306680e4517a94ca94d4ec03c22b75376c27344d3d1cefd4ff8834f765e43b9,902c061c598d05a605691ab2f11714abeb9e79ddf0cbbb7ce272f47ce3934ddb,b9f77a2489d7c36c46bc720c43cb59ac563c5b75fa88dee0c0f7bd75dbc7cc26,-0.0032133999618079653,-0.0015739556593528286,0.8112146255199372,0.6776853679228357,0.5656845073552803,0.49056791769411784,0.0,1.3315698521491995e-07,1000.0,0.9996745570013483,0.009829449629825095,9.829449629825097,6.281697720466442e-08,True,0.029198779362385137,1.8595746414934984,77.43706371708095,0.0003150669531517507,1.1022254987633813,130.64477292673575,0.0025769936445874833,3.2024159196555706,44.966051759912446,0.02047201145084895,3.8748523199923692,37.162706629367385,0.0,1.0,144.0,-0.9017434356317131,144,0.09811358353882357
seed-12409--flat-d0.02,12409,flat-d0.02,flat,False,True,0.02,0.01,0.5,0.05,1.0,True,0.5,0.005,0.5,canonical,False,timestep,research/jobs/E2-CHANNEL-ABLATION-C4/workspace/runs/seed-12409--flat-d0.02/politeia.cfg,research/jobs/E2-CHANNEL-ABLATION-C4/workspace/runs/seed-12409--flat-d0.02,research/jobs/E2-CHANNEL-ABLATION-C4/workspace/inputs/seed-12409/flat-resource.npy,research/jobs/E2-CHANNEL-ABLATION-C4/workspace/inputs/seed-12409/initial-sigma-0.01-eps-0.5.csv,43a1a4678b17657829db5148fbd1f2f4ddb1d36b47cdd3e64a85bc10cdc93c28,066944a792fc8c127c6813e27817e64234be30a3452704c601f9487139545688,b9f77a2489d7c36c46bc720c43cb59ac563c5b75fa88dee0c0f7bd75dbc7cc26,,-0.0015739556593528286,0.8112146255199372,0.6752112568466608,0.557495827913943,0.49112934673387243,0.0,1.0022503459054077e-05,1000.0,1.0,0.00982258693467745,9.822586934677448,1.0022503459054076e-05,True,0.029198779362385137,1.8595746414934984,77.43706371708095,0.0003150669531517507,1.1022254987633813,130.64477292673575,0.0015397702366797292,2.6361744849133837,54.62460881254276,0.012885044898142127,5.291665745072661,27.21260316453013,0.0,1.0,144.0,-0.9017741306532254,144,0.09822586934677449
seed-12409--clustered-d0.01,12409,clustered-d0.01,clustered,False,True,0.01,0.005,0.5,0.05,1.0,True,0.5,0.005,0.5,canonical,False,timestep,research/jobs/E2-CHANNEL-ABLATION-C4/workspace/runs/seed-12409--clustered-d0.01/politeia.cfg,research/jobs/E2-CHANNEL-ABLATION-C4/workspace/runs/seed-12409--clustered-d0.01,research/jobs/E2-CHANNEL-ABLATION-C4/workspace/inputs/seed-12409/clustered-resource.npy,research/jobs/E2-CHANNEL-ABLATION-C4/workspace/inputs/seed-12409/initial-sigma-0.01-eps-0.5.csv,a4e57d1c222a4034a71a89c0bb8845000b493c26934125008606ea4736b6e53b,0dce00914a1325d878b045f7a2941b9907fb6fdeae1b0973641d0c9a8c4cca41,b9f77a2489d7c36c46bc720c43cb59ac563c5b75fa88dee0c0f7bd75dbc7cc26,0.0028176319905006087,-0.0015739556593528286,0.8112146255199372,0.7517607603413672,0.9142947154479616,0.48681177509073315,0.0,1.1364833083743846e-09,1000.0,1.0037665878215687,0.004844225622308833,4.844225622308833,4.314177275724159e-11,False,0.029198779362385137,1.8595746414934984,77.43706371708095,0.0003150669531517507,1.1022254987633813,130.64477292673575,0.020451265222959616,40.439353829440094,3.5608877581809213,0.141028824016638,37.017989093726854,3.890000605797427,0.0,1.0,144.0,-0.9042355222027598,144,0.09736235501814663
seed-12409--clustered-d0.04,12409,clustered-d0.04,clustered,False,True,0.04,0.02,0.5,0.05,1.0,True,0.5,0.005,0.5,canonical,False,timestep,research/jobs/E2-CHANNEL-ABLATION-C4/workspace/runs/seed-12409--clustered-d0.04/politeia.cfg,research/jobs/E2-CHANNEL-ABLATION-C4/workspace/runs/seed-12409--clustered-d0.04,research/jobs/E2-CHANNEL-ABLATION-C4/workspace/inputs/seed-12409/clustered-resource.npy,research/jobs/E2-CHANNEL-ABLATION-C4/workspace/inputs/seed-12409/initial-sigma-0.01-eps-0.5.csv,a4e57d1c222a4034a71a89c0bb8845000b493c26934125008606ea4736b6e53b,0dce00914a1325d878b045f7a2941b9907fb6fdeae1b0973641d0c9a8c4cca41,b9f77a2489d7c36c46bc720c43cb59ac563c5b75fa88dee0c0f7bd75dbc7cc26,0.0028176319905006087,-0.0015739556593528286,0.8112146255199372,0.7334051662069861,0.8431344360522752,0.4847648675834891,0.0,4.545933233497538e-09,1000.0,1.0037665878215687,0.01937690248923533,19.37690248923533,1.7256709102896635e-10,False,0.029198779362385137,1.8595746414934984,77.43706371708095,0.0003150669531517507,1.1022254987633813,130.64477292673575,0.023827398283545353,39.37079158210733,3.6575337760148834,0.1405413845915257,25.463045508507523,5.655254394133168,0.0,1.0,144.0,-0.9036543904339481,144,0.09695297351669782
seed-12413--clustered-d0.02,12413,clustered-d0.02,clustered,False,True,0.02,0.01,0.5,0.05,1.0,True,0.5,0.005,0.5,canonical,False,timestep,research/jobs/E2-CHANNEL-ABLATION-C4/workspace/runs/seed-12413--clustered-d0.02/politeia.cfg,research/jobs/E2-CHANNEL-ABLATION-C4/workspace/runs/seed-12413--clustered-d0.02,research/jobs/E2-CHANNEL-ABLATION-C4/workspace/inputs/seed-12413/clustered-resource.npy,research/jobs/E2-CHANNEL-ABLATION-C4/workspace/inputs/seed-12413/initial-sigma-0.01-eps-0.5.csv,b09cf4f840100b30695909218369f3ab2080d0935514f6bec97e37a21403ceb3,e69476f08dc2b69f06bffdc48d2ed5325bf8b6d604e235f99c9010530a19c32a,54d981489a24ab4835504e21a7ba18bcba5c190180d0761dd6c0b13a3238f197,-0.01178562261649629,7.626231540555373e-05,0.8110589453209237,0.803818531632985,1.21815013887506,0.48878943059892443,0.0,3.3918817240929866e-11,1000.0,0.9868932195947698,0.00982387933345291,9.823879333452911,0.0,False,0.03691862025425788,1.3367440911165898,107.72443353739907,0.00018434120352730723,1.0,144.0,0.006113909644473965,19.5391644562455,7.369813602954338,0.10862606429629199,14.86735750791884,9.685648570924652,0.0,1.0,144.0,-0.9005384411242078,144,0.09775788611978489
seed-12413--shuffled-d0.02,12413,shuffled-d0.02,shuffled,False,True,0.02,0.01,0.5,0.05,1.0,True,0.5,0.005,0.5,canonical,False,timestep,research/jobs/E2-CHANNEL-ABLATION-C4/workspace/runs/seed-12413--shuffled-d0.02/politeia.cfg,research/jobs/E2-CHANNEL-ABLATION-C4/workspace/runs/seed-12413--shuffled-d0.02,research/jobs/E2-CHANNEL-ABLATION-C4/workspace/inputs/seed-12413/shuffled-resource.npy,research/jobs/E2-CHANNEL-ABLATION-C4/workspace/inputs/seed-12413/initial-sigma-0.01-eps-0.5.csv,e00eadb319a6f90f4fd1db3f4291f31b53cb2ee1c2f99d3e0f0e9f634db3d549,35c9961f9f08024322478b89645758cd7eef17d8352129b6e81a5aba6c8e87a3,54d981489a24ab4835504e21a7ba18bcba5c190180d0761dd6c0b13a3238f197,-0.00014880072373238268,7.626231540555373e-05,0.8110589453209237,0.6817170081968684,0.6048205110196948,0.49731925270560445,0.0,1.3029874295106235e-08,1000.0,1.0029524556306093,0.009958991250940475,9.958991250940475,7.325339768671027e-09,True,0.03691862025425788,1.3367440911165898,107.72443353739907,0.00018434120352730723,1.0,144.0,0.006518860728633007,6.572043800323456,21.910992131992906,0.00034782857709934976,12.213034146746171,11.790681846113143,0.0,1.0,144.0,-0.9003811276926544,144,0.09946385054112089
seed-12413--flat-d0.02,12413,flat-d0.02,flat,False,True,0.02,0.01,0.5,0.05,1.0,True,0.5,0.005,0.5,canonical,False,timestep,research/jobs/E2-CHANNEL-ABLATION-C4/workspace/runs/seed-12413--flat-d0.02/politeia.cfg,research/jobs/E2-CHANNEL-ABLATION-C4/workspace/runs/seed-12413--flat-d0.02,research/jobs/E2-CHANNEL-ABLATION-C4/workspace/inputs/seed-12413/flat-resource.npy,research/jobs/E2-CHANNEL-ABLATION-C4/workspace/inputs/seed-12413/initial-sigma-0.01-eps-0.5.csv,7633822c53bad1ddffcd330a05571c64c3b874fdbd1e21b0d95a7328883ce281,fef5f52118a113fddd5c6ae99bd8e5a852ca5fb3c11d66a225da7ae556df8466,54d981489a24ab4835504e21a7ba18bcba5c190180d0761dd6c0b13a3238f197,,7.626231540555373e-05,0.8110589453209237,0.6787506691873451,0.5860370003849472,0.49545551007071015,0.0,1.0830106462294792e-05,1000.0,1.0,0.009909110201414204,9.909110201414203,1.083010646229479e-05,True,0.03691862025425788,1.3367440911165898,107.72443353739907,0.00018434120352730723,1.0,144.0,0.008774680015670487,8.741445441042439,16.473248156866337,0.026495729020785872,8.25622103645647,17.441393509712054,0.0,1.0,144.0,-0.9009088979858579,144,0.09909110201414204
seed-12413--clustered-d0.01,12413,clustered-d0.01,clustered,False,True,0.01,0.005,0.5,0.05,1.0,True,0.5,0.005,0.5,canonical,False,timestep,research/jobs/E2-CHANNEL-ABLATION-C4/workspace/runs/seed-12413--clustered-d0.01/politeia.cfg,research/jobs/E2-CHANNEL-ABLATION-C4/workspace/runs/seed-12413--clustered-d0.01,research/jobs/E2-CHANNEL-ABLATION-C4/workspace/inputs/seed-12413/clustered-resource.npy,research/jobs/E2-CHANNEL-ABLATION-C4/workspace/inputs/seed-12413/initial-sigma-0.01-eps-0.5.csv,b09cf4f840100b30695909218369f3ab2080d0935514f6bec97e37a21403ceb3,e69476f08dc2b69f06bffdc48d2ed5325bf8b6d604e235f99c9010530a19c32a,54d981489a24ab4835504e21a7ba18bcba5c190180d0761dd6c0b13a3238f197,-0.01178562261649629,7.626231540555373e-05,0.8110589453209237,0.8046588551937498,1.2261489662312186,0.48628227138169816,0.0,1.6959408620464933e-11,1000.0,0.9868932195947698,0.004911939666726455,4.911939666726456,0.0,True,0.03691862025425788,1.3367440911165898,107.72443353739907,0.00018434120352730723,1.0,144.0,0.009146765298037216,24.57061091954045,5.860660138713933,0.09178447600113329,13.437953497905898,10.715917421684798,0.0,1.0,144.0,-0.9003810750834705,144,0.09725645427633964
seed-12413--clustered-d0.04,12413,clustered-d0.04,clustered,False,True,0.04,0.02,0.5,0.05,1.0,True,0.5,0.005,0.5,canonical,False,timestep,research/jobs/E2-CHANNEL-ABLATION-C4/workspace/runs/seed-12413--clustered-d0.04/politeia.cfg,research/jobs/E2-CHANNEL-ABLATION-C4/workspace/runs/seed-12413--clustered-d0.04,research/jobs/E2-CHANNEL-ABLATION-C4/workspace/inputs/seed-12413/clustered-resource.npy,research/jobs/E2-CHANNEL-ABLATION-C4/workspace/inputs/seed-12413/initial-sigma-0.01-eps-0.5.csv,b09cf4f840100b30695909218369f3ab2080d0935514f6bec97e37a21403ceb3,e69476f08dc2b69f06bffdc48d2ed5325bf8b6d604e235f99c9010530a19c32a,54d981489a24ab4835504e21a7ba18bcba5c190180d0761dd6c0b13a3238f197,-0.01178562261649629,7.626231540555373e-05,0.8110589453209237,0.7952478315586586,1.1517943416810872,0.4899490833976563,0.0,6.783763448185973e-11,1000.0,0.9868932195947698,0.01964775866690582,19.647758666905823,0.0,False,0.03691862025425788,1.3367440911165898,107.72443353739907,0.00018434120352730723,1.0,144.0,0.0036609527451926848,15.09184420957814,9.541577424222908,0.12096880228111997,14.27582567299465,10.08698223826048,0.0,1.0,144.0,-0.90070102784001,144,0.09798981667953126
seed-12421--clustered-d0.02,12421,clustered-d0.02,clustered,False,True,0.02,0.01,0.5,0.05,1.0,True,0.5,0.005,0.5,canonical,False,timestep,research/jobs/E2-CHANNEL-ABLATION-C4/workspace/runs/seed-12421--clustered-d0.02/politeia.cfg,research/jobs/E2-CHANNEL-ABLATION-C4/workspace/runs/seed-12421--clustered-d0.02,research/jobs/E2-CHANNEL-ABLATION-C4/workspace/inputs/seed-12421/clustered-resource.npy,research/jobs/E2-CHANNEL-ABLATION-C4/workspace/inputs/seed-12421/initial-sigma-0.01-eps-0.5.csv,dc65c3bc1f5bf7129a708aff5bd900fa0703324d2cad309d944e4e6a3b177e98,4aa300dbe812ab1ea21dc2780e46f717dca930375fd6ceb7cd0e038e6a3be14e,ade770160bffd1195322bf770f5c2b032b220204bca71c5692c59fa4e1fdca07,0.0004133343412541198,0.0005704954071595747,0.8110435272687182,0.7409041390464846,0.902709157719415,0.512951731723107,0.0,2.5164948000014614e-09,1000.0,1.0026938882372407,0.010265983222435833,10.265983222435832,5.079683961221291e-10,True,0.13572829273898568,1.2399356121167273,116.13506265391776,0.0005703211458500761,2.4085050920209348,59.78812354478857,0.007421318113207404,17.455800491233852,8.249406841715196,0.028659623798127976,10.541042866871045,13.660887430082552,0.0,1.0,144.0,-0.8979546075995289,144,0.10259034634462141
seed-12421--shuffled-d0.02,12421,shuffled-d0.02,shuffled,False,True,0.02,0.01,0.5,0.05,1.0,True,0.5,0.005,0.5,canonical,False,timestep,research/jobs/E2-CHANNEL-ABLATION-C4/workspace/runs/seed-12421--shuffled-d0.02/politeia.cfg,research/jobs/E2-CHANNEL-ABLATION-C4/workspace/runs/seed-12421--shuffled-d0.02,research/jobs/E2-CHANNEL-ABLATION-C4/workspace/inputs/seed-12421/shuffled-resource.npy,research/jobs/E2-CHANNEL-ABLATION-C4/workspace/inputs/seed-12421/initial-sigma-0.01-eps-0.5.csv,c78f6943975173e79cf587aa3f8e845eda462a23213f62fc7435b6d724aebd43,c6f6139ff1ac045b0ffcb9cd85f934e019ad214b7b0de950811bcbed9e4b667c,ade770160bffd1195322bf770f5c2b032b220204bca71c5692c59fa4e1fdca07,-0.0002682846051556509,0.0005704954071595747,0.8110435272687182,0.6792382909584157,0.6074343017731666,0.5097028358116513,0.0,7.45012655456684e-07,1000.0,1.002006993138536,0.010183668442364024,10.183668442364024,9.754447826178009e-08,True,0.13572829273898568,1.2399356121167273,116.13506265391776,0.0005703211458500761,2.4085050920209348,59.78812354478857,0.009229598102622567,11.942998216210517,12.057273843057713,0.03729317870676544,9.467963641447025,15.209183880853173,0.0,1.0,144.0,-0.897833117908873,144,0.10194056716233027
seed-12421--flat-d0.02,12421,flat-d0.02,flat,False,True,0.02,0.01,0.5,0.05,1.0,True,0.5,0.005,0.5,canonical,False,timestep,research/jobs/E2-CHANNEL-ABLATION-C4/workspace/runs/seed-12421--flat-d0.02/politeia.cfg,research/jobs/E2-CHANNEL-ABLATION-C4/workspace/runs/seed-12421--flat-d0.02,research/jobs/E2-CHANNEL-ABLATION-C4/workspace/inputs/seed-12421/flat-resource.npy,research/jobs/E2-CHANNEL-ABLATION-C4/workspace/inputs/seed-12421/initial-sigma-0.01-eps-0.5.csv,7633822c53bad1ddffcd330a05571c64c3b874fdbd1e21b0d95a7328883ce281,fef5f52118a113fddd5c6ae99bd8e5a852ca5fb3c11d66a225da7ae556df8466,ade770160bffd1195322bf770f5c2b032b220204bca71c5692c59fa4e1fdca07,,0.0005704954071595747,0.8110435272687182,0.6778694775809785,0.6002270554567511,0.5086108635930624,0.0,1.1096466643425705e-05,1000.0,1.0,0.010172217271861246,10.172217271861244,1.1096466643425705e-05,True,0.13572829273898568,1.2399356121167273,116.13506265391776,0.0005703211458500761,2.4085050920209348,59.78812354478857,0.008503308805970283,10.208032567115897,14.106538067274673,0.04319658259215999,7.213050650181635,19.963813784722817,0.0,1.0,144.0,-0.8982778272813874,144,0.10172217271861247
seed-12421--clustered-d0.01,12421,clustered-d0.01,clustered,False,True,0.01,0.005,0.5,0.05,1.0,True,0.5,0.005,0.5,canonical,False,timestep,research/jobs/E2-CHANNEL-ABLATION-C4/workspace/runs/seed-12421--clustered-d0.01/politeia.cfg,research/jobs/E2-CHANNEL-ABLATION-C4/workspace/runs/seed-12421--clustered-d0.01,research/jobs/E2-CHANNEL-ABLATION-C4/workspace/inputs/seed-12421/clustered-resource.npy,research/jobs/E2-CHANNEL-ABLATION-C4/workspace/inputs/seed-12421/initial-sigma-0.01-eps-0.5.csv,dc65c3bc1f5bf7129a708aff5bd900fa0703324d2cad309d944e4e6a3b177e98,4aa300dbe812ab1ea21dc2780e46f717dca930375fd6ceb7cd0e038e6a3be14e,ade770160bffd1195322bf770f5c2b032b220204bca71c5692c59fa4e1fdca07,0.0004133343412541198,0.0005704954071595747,0.8110435272687182,0.7499572335598315,0.9464729251645623,0.5121232432437712,0.0,1.2582474000007307e-09,1000.0,1.0026938882372407,0.0051329916112179165,5.132991611217916,2.5398419806106453e-10,True,0.13572829273898568,1.2399356121167273,116.13506265391776,0.0005703211458500761,2.4085050920209348,59.78812354478857,0.006633616982989746,12.345102767437822,11.664544452381795,0.01743790208764142,10.396430104655074,13.85090829740903,0.0,1.0,144.0,-0.8977151938916428,144,0.10242464864875425
seed-12421--clustered-d0.04,12421,clustered-d0.04,clustered,False,True,0.04,0.02,0.5,0.05,1.0,True,0.5,0.005,0.5,canonical,False,timestep,research/jobs/E2-CHANNEL-ABLATION-C4/workspace/runs/seed-12421--clustered-d0.04/politeia.cfg,research/jobs/E2-CHANNEL-ABLATION-C4/workspace/runs/seed-12421--clustered-d0.04,research/jobs/E2-CHANNEL-ABLATION-C4/workspace/inputs/seed-12421/clustered-resource.npy,research/jobs/E2-CHANNEL-ABLATION-C4/workspace/inputs/seed-12421/initial-sigma-0.01-eps-0.5.csv,dc65c3bc1f5bf7129a708aff5bd900fa0703324d2cad309d944e4e6a3b177e98,4aa300dbe812ab1ea21dc2780e46f717dca930375fd6ceb7cd0e038e6a3be14e,ade770160bffd1195322bf770f5c2b032b220204bca71c5692c59fa4e1fdca07,0.0004133343412541198,0.0005704954071595747,0.8110435272687182,0.7229341962934203,0.8187872339167597,0.5132042656461024,0.0,5.032989600002923e-09,1000.0,1.0026938882372407,0.020531966444871666,20.531966444871664,1.0159367922442581e-09,True,0.13572829273898568,1.2399356121167273,116.13506265391776,0.0005703211458500761,2.4085050920209348,59.78812354478857,0.007300429392095192,16.101866651432502,8.94306251053129,0.03192618895960851,10.49692519838203,13.718302958107751,0.0,1.0,144.0,-0.8981324758984902,144,0.10264085312922049
seed-12433--clustered-d0.02,12433,clustered-d0.02,clustered,False,True,0.02,0.01,0.5,0.05,1.0,True,0.5,0.005,0.5,canonical,False,timestep,research/jobs/E2-CHANNEL-ABLATION-C4/workspace/runs/seed-12433--clustered-d0.02/politeia.cfg,research/jobs/E2-CHANNEL-ABLATION-C4/workspace/runs/seed-12433--clustered-d0.02,research/jobs/E2-CHANNEL-ABLATION-C4/workspace/inputs/seed-12433/clustered-resource.npy,research/jobs/E2-CHANNEL-ABLATION-C4/workspace/inputs/seed-12433/initial-sigma-0.01-eps-0.5.csv,6209916dede8fe326bb31e6a4f14b0b38772278f1a92feed6a28d4677c0f9a97,fd48e422802b509acd9e3cb44bfba8343f5848b64ead936eb101d4e0ebd9c314,c996b856b231ab39209a29c63cccee8f9d36cc2a123934560a20559953f13de2,-0.0014157109289958873,3.890433041438143e-05,0.8110516117233462,0.8072078710969998,1.4307827360197518,0.5320827727475643,0.0,4.790875310408022e-12,1000.0,1.0052452417593178,0.010592591074283767,10.592591074283767,0.0,True,0.0382567436334031,1.8161480050997159,79.28869210860029,0.0005600835001928111,1.0,144.0,0.0019615281974410276,15.253102558970113,9.440702273080557,0.06854953446183726,15.157191387372011,9.500440834967055,0.0,1.0,144.0,-0.8985910145822978,144,0.10641655454951286
seed-12433--shuffled-d0.02,12433,shuffled-d0.02,shuffled,False,True,0.02,0.01,0.5,0.05,1.0,True,0.5,0.005,0.5,canonical,False,timestep,research/jobs/E2-CHANNEL-ABLATION-C4/workspace/runs/seed-12433--shuffled-d0.02/politeia.cfg,research/jobs/E2-CHANNEL-ABLATION-C4/workspace/runs/seed-12433--shuffled-d0.02,research/jobs/E2-CHANNEL-ABLATION-C4/workspace/inputs/seed-12433/shuffled-resource.npy,research/jobs/E2-CHANNEL-ABLATION-C4/workspace/inputs/seed-12433/initial-sigma-0.01-eps-0.5.csv,13ae82662ab0bfc47b49ff8652ecefb84b86a88eaca6047b075e4cec0394d27f,2bf63aedc6c5953a933fafda1408c0c0bc53dfa6b2d4d92eda73415e70510029,c996b856b231ab39209a29c63cccee8f9d36cc2a123934560a20559953f13de2,0.001945769333704732,3.890433041438143e-05,0.8110516117233462,0.687232552203567,0.6822278546058476,0.5217527265450718,0.0,4.349935184602612e-08,1000.0,1.0000634774002737,0.010430418275635983,10.430418275635983,1.6618720680125061e-09,True,0.0382567436334031,1.8161480050997159,79.28869210860029,0.0005600835001928111,1.0,144.0,0.007002112411419852,6.949425340677595,20.721137783452964,0.07313477866844525,19.505463029699698,7.382547124399999,0.0,1.0,144.0,-0.8961084368748651,144,0.10435054530901436
seed-12433--flat-d0.02,12433,flat-d0.02,flat,False,True,0.02,0.01,0.5,0.05,1.0,True,0.5,0.005,0.5,canonical,False,timestep,research/jobs/E2-CHANNEL-ABLATION-C4/workspace/runs/seed-12433--flat-d0.02/politeia.cfg,research/jobs/E2-CHANNEL-ABLATION-C4/workspace/runs/seed-12433--flat-d0.02,research/jobs/E2-CHANNEL-ABLATION-C4/workspace/inputs/seed-12433/flat-resource.npy,research/jobs/E2-CHANNEL-ABLATION-C4/workspace/inputs/seed-12433/initial-sigma-0.01-eps-0.5.csv,43a1a4678b17657829db5148fbd1f2f4ddb1d36b47cdd3e64a85bc10cdc93c28,066944a792fc8c127c6813e27817e64234be30a3452704c601f9487139545688,c996b856b231ab39209a29c63cccee8f9d36cc2a123934560a20559953f13de2,,3.890433041438143e-05,0.8110516117233462,0.6838744716988404,0.6715623246192841,0.5228479061969715,0.0,8.415753952913761e-06,1000.0,1.0,0.01045695812393943,10.456958123939431,8.415753952913761e-06,True,0.0382567436334031,1.8161480050997159,79.28869210860029,0.0005600835001928111,1.0,144.0,0.0062478496735814135,6.456204091491078,22.30412762040532,0.04041104460277214,8.374014123037544,17.19605411266804,0.0,1.0,144.0,-0.8954304187606058,144,0.1045695812393943
seed-12433--clustered-d0.01,12433,clustered-d0.01,clustered,False,True,0.01,0.005,0.5,0.05,1.0,True,0.5,0.005,0.5,canonical,False,timestep,research/jobs/E2-CHANNEL-ABLATION-C4/workspace/runs/seed-12433--clustered-d0.01/politeia.cfg,research/jobs/E2-CHANNEL-ABLATION-C4/workspace/runs/seed-12433--clustered-d0.01,research/jobs/E2-CHANNEL-ABLATION-C4/workspace/inputs/seed-12433/clustered-resource.npy,research/jobs/E2-CHANNEL-ABLATION-C4/workspace/inputs/seed-12433/initial-sigma-0.01-eps-0.5.csv,6209916dede8fe326bb31e6a4f14b0b38772278f1a92feed6a28d4677c0f9a97,fd48e422802b509acd9e3cb44bfba8343f5848b64ead936eb101d4e0ebd9c314,c996b856b231ab39209a29c63cccee8f9d36cc2a123934560a20559953f13de2,-0.0014157109289958873,3.890433041438143e-05,0.8110516117233462,0.8028373038890706,1.4066168388987086,0.532416989338934,0.0,2.395437655204011e-12,1000.0,1.0052452417593178,0.005296295537141883,5.296295537141884,0.0,True,0.0382567436334031,1.8161480050997159,79.28869210860029,0.0005600835001928111,1.0,144.0,0.0034300066186649064,15.433599530722324,9.330292632859349,0.07447426576004948,16.519699165197764,8.716865758873286,0.0,1.0,144.0,-0.8964733041298296,144,0.1064833978677868
seed-12433--clustered-d0.04,12433,clustered-d0.04,clustered,False,True,0.04,0.02,0.5,0.05,1.0,True,0.5,0.005,0.5,canonical,False,timestep,research/jobs/E2-CHANNEL-ABLATION-C4/workspace/runs/seed-12433--clustered-d0.04/politeia.cfg,research/jobs/E2-CHANNEL-ABLATION-C4/workspace/runs/seed-12433--clustered-d0.04,research/jobs/E2-CHANNEL-ABLATION-C4/workspace/inputs/seed-12433/clustered-resource.npy,research/jobs/E2-CHANNEL-ABLATION-C4/workspace/inputs/seed-12433/initial-sigma-0.01-eps-0.5.csv,6209916dede8fe326bb31e6a4f14b0b38772278f1a92feed6a28d4677c0f9a97,fd48e422802b509acd9e3cb44bfba8343f5848b64ead936eb101d4e0ebd9c314,c996b856b231ab39209a29c63cccee8f9d36cc2a123934560a20559953f13de2,-0.0014157109289958873,3.890433041438143e-05,0.8110516117233462,0.8038717320141953,1.3866927300476906,0.5312665189615675,0.0,3.2517016234164974e-11,1000.0,1.0052452417593178,0.021185182148567534,21.185182148567534,0.0,True,0.0382567436334031,1.8161480050997159,79.28869210860029,0.0005600835001928111,1.0,144.0,0.00026759116360928765,12.297553598433726,11.70964605662223,0.054940564010789325,13.91560318632144,10.348096167440808,0.0,1.0,144.0,-0.9005545286474553,144,0.1062533037923135
seed-12437--clustered-d0.02,12437,clustered-d0.02,clustered,False,True,0.02,0.01,0.5,0.05,1.0,True,0.5,0.005,0.5,canonical,False,timestep,research/jobs/E2-CHANNEL-ABLATION-C4/workspace/runs/seed-12437--clustered-d0.02/politeia.cfg,research/jobs/E2-CHANNEL-ABLATION-C4/workspace/runs/seed-12437--clustered-d0.02,research/jobs/E2-CHANNEL-ABLATION-C4/workspace/inputs/seed-12437/clustered-resource.npy,research/jobs/E2-CHANNEL-ABLATION-C4/workspace/inputs/seed-12437/initial-sigma-0.01-eps-0.5.csv,94547a29d1bc78c7a63a0359a758a406353160cab704c2e58251d52a3523062e,5c7176113e90bace7f39b36d9b3ce00c8b88b94f67c5434d0f56ea437e5a04e1,0f76077850d926942f8862c363bcb922b23042879efa83644f55746e4d2d2341,0.00014998452299358754,0.0011743832016536423,0.8109928131194863,0.7688146470904924,0.9249608283943359,0.496037464832844,0.0,1.7303231477975767e-13,1000.0,1.010134480414751,0.009964321009062268,9.964321009062267,1.7303231477975767e-13,True,0.006149574191906033,2.4209834066028515,59.47996157564015,0.0010483917616398105,1.1914424156466032,120.86190495564178,0.009194778229111423,14.270992248907387,10.090398585355892,0.08406413529403793,27.24714152752954,5.284958051636629,0.0,1.0,144.0,-0.8989236970217519,144,0.0992074929665688
seed-12437--shuffled-d0.02,12437,shuffled-d0.02,shuffled,False,True,0.02,0.01,0.5,0.05,1.0,True,0.5,0.005,0.5,canonical,False,timestep,research/jobs/E2-CHANNEL-ABLATION-C4/workspace/runs/seed-12437--shuffled-d0.02/politeia.cfg,research/jobs/E2-CHANNEL-ABLATION-C4/workspace/runs/seed-12437--shuffled-d0.02,research/jobs/E2-CHANNEL-ABLATION-C4/workspace/inputs/seed-12437/shuffled-resource.npy,research/jobs/E2-CHANNEL-ABLATION-C4/workspace/inputs/seed-12437/initial-sigma-0.01-eps-0.5.csv,815d3ff5a72ef28f0f37e722bd0da05701434a73e9f943d376245c34fa7ac47c,0f1474cd84b49a6bb8ff58e1bb940dd48c4534f586e96b87776f20350d3f8d82,0f76077850d926942f8862c363bcb922b23042879efa83644f55746e4d2d2341,-0.005061248354245976,0.0011743832016536423,0.8109928131194863,0.6773655709903211,0.5440123070160574,0.48740902293154914,0.0,1.5618372300673246e-09,1000.0,0.9970271539450286,0.009732295066879018,9.732295066879017,8.815549121396644e-10,True,0.006149574191906033,2.4209834066028515,59.47996157564015,0.0010483917616398105,1.1914424156466032,120.86190495564178,0.0028804422454011863,6.449247942962323,22.328184816826365,0.040651163650316,12.380285672654594,11.631395575795576,0.0,1.0,144.0,-0.9036056332817182,144,0.09748180458630983
seed-12437--flat-d0.02,12437,flat-d0.02,flat,False,True,0.02,0.01,0.5,0.05,1.0,True,0.5,0.005,0.5,canonical,False,timestep,research/jobs/E2-CHANNEL-ABLATION-C4/workspace/runs/seed-12437--flat-d0.02/politeia.cfg,research/jobs/E2-CHANNEL-ABLATION-C4/workspace/runs/seed-12437--flat-d0.02,research/jobs/E2-CHANNEL-ABLATION-C4/workspace/inputs/seed-12437/flat-resource.npy,research/jobs/E2-CHANNEL-ABLATION-C4/workspace/inputs/seed-12437/initial-sigma-0.01-eps-0.5.csv,7633822c53bad1ddffcd330a05571c64c3b874fdbd1e21b0d95a7328883ce281,fef5f52118a113fddd5c6ae99bd8e5a852ca5fb3c11d66a225da7ae556df8466,0f76077850d926942f8862c363bcb922b23042879efa83644f55746e4d2d2341,,0.0011743832016536423,0.8109928131194863,0.6749980543805973,0.5376936882877627,0.48812169601281685,0.0,9.957167805220587e-06,1000.0,1.0,0.009762433920256332,9.76243392025633,9.957167805220587e-06,True,0.006149574191906033,2.4209834066028515,59.47996157564015,0.0010483917616398105,1.1914424156466032,120.86190495564178,0.004958409481985462,6.86457890917673,20.97725175939014,0.022135118077095655,7.853917447980616,18.33479928376698,0.0,1.0,144.0,-0.9023756607974367,144,0.09762433920256337
seed-12437--clustered-d0.01,12437,clustered-d0.01,clustered,False,True,0.01,0.005,0.5,0.05,1.0,True,0.5,0.005,0.5,canonical,False,timestep,research/jobs/E2-CHANNEL-ABLATION-C4/workspace/runs/seed-12437--clustered-d0.01/politeia.cfg,research/jobs/E2-CHANNEL-ABLATION-C4/workspace/runs/seed-12437--clustered-d0.01,research/jobs/E2-CHANNEL-ABLATION-C4/workspace/inputs/seed-12437/clustered-resource.npy,research/jobs/E2-CHANNEL-ABLATION-C4/workspace/inputs/seed-12437/initial-sigma-0.01-eps-0.5.csv,94547a29d1bc78c7a63a0359a758a406353160cab704c2e58251d52a3523062e,5c7176113e90bace7f39b36d9b3ce00c8b88b94f67c5434d0f56ea437e5a04e1,0f76077850d926942f8862c363bcb922b23042879efa83644f55746e4d2d2341,0.00014998452299358754,0.0011743832016536423,0.8109928131194863,0.7728454157471977,0.9527110771409644,0.49434231250693345,0.0,8.651615738987884e-14,1000.0,1.010134480414751,0.004982160504531134,4.982160504531134,8.651615738987884e-14,True,0.006149574191906033,2.4209834066028515,59.47996157564015,0.0010483917616398105,1.1914424156466032,120.86190495564178,0.012157501856653648,18.857439326985197,7.636243580215817,0.0762640824311621,28.27819850681447,5.092262152601374,0.0,1.0,144.0,-0.8992689358604352,144,0.09886846250138669
seed-12437--clustered-d0.04,12437,clustered-d0.04,clustered,False,True,0.04,0.02,0.5,0.05,1.0,True,0.5,0.005,0.5,canonical,False,timestep,research/jobs/E2-CHANNEL-ABLATION-C4/workspace/runs/seed-12437--clustered-d0.04/politeia.cfg,research/jobs/E2-CHANNEL-ABLATION-C4/workspace/runs/seed-12437--clustered-d0.04,research/jobs/E2-CHANNEL-ABLATION-C4/workspace/inputs/seed-12437/clustered-resource.npy,research/jobs/E2-CHANNEL-ABLATION-C4/workspace/inputs/seed-12437/initial-sigma-0.01-eps-0.5.csv,94547a29d1bc78c7a63a0359a758a406353160cab704c2e58251d52a3523062e,5c7176113e90bace7f39b36d9b3ce00c8b88b94f67c5434d0f56ea437e5a04e1,0f76077850d926942f8862c363bcb922b23042879efa83644f55746e4d2d2341,0.00014998452299358754,0.0011743832016536423,0.8109928131194863,0.755966198587162,0.8571580222125041,0.4971337406920122,0.0,3.4606462955951535e-13,1000.0,1.010134480414751,0.019928642018124536,19.928642018124535,3.4606462955951535e-13,True,0.006149574191906033,2.4209834066028515,59.47996157564015,0.0010483917616398105,1.1914424156466032,120.86190495564178,0.005584161702052511,10.834133577410151,13.291325879556169,0.09295166862278309,24.64517946319807,5.842927628708527,0.0,1.0,144.0,-0.8984921021103804,144,0.09942674813840244
seed-12451--clustered-d0.02,12451,clustered-d0.02,clustered,False,True,0.02,0.01,0.5,0.05,1.0,True,0.5,0.005,0.5,canonical,False,timestep,research/jobs/E2-CHANNEL-ABLATION-C4/workspace/runs/seed-12451--clustered-d0.02/politeia.cfg,research/jobs/E2-CHANNEL-ABLATION-C4/workspace/runs/seed-12451--clustered-d0.02,research/jobs/E2-CHANNEL-ABLATION-C4/workspace/inputs/seed-12451/clustered-resource.npy,research/jobs/E2-CHANNEL-ABLATION-C4/workspace/inputs/seed-12451/initial-sigma-0.01-eps-0.5.csv,0a9642801935f0699cf95f163b205d0bb9506abfafdb1df65987bc4b36deba1a,a91231e464c4b4b451ea58db7fef53ef3e20f924e7bd49ee5e338b3df7942d84,ef6b7e8221e7ae4e6ec662e351682eaff79c1f77e2c59e2ca055e99bd046fa10,-0.012786460739440756,-0.000202006882361977,0.8113830646496474,0.7733703237640958,1.2046268093297359,0.5021216815394253,0.0,8.104666136622687e-09,1000.0,0.9701184100874409,0.010028240813057563,10.028240813057563,2.7272687307386146e-09,False,0.08937406288050122,1.6321898199237748,88.22503255578752,0.0006673245176202845,1.1410142236001308,126.20351001905205,0.014257533862248805,28.86262012134172,4.989152037985731,0.39465588338585184,50.976155447425356,2.8248501428970156,0.0,1.0,144.0,-0.8970263045167607,144,0.10042433630788505
seed-12451--shuffled-d0.02,12451,shuffled-d0.02,shuffled,False,True,0.02,0.01,0.5,0.05,1.0,True,0.5,0.005,0.5,canonical,False,timestep,research/jobs/E2-CHANNEL-ABLATION-C4/workspace/runs/seed-12451--shuffled-d0.02/politeia.cfg,research/jobs/E2-CHANNEL-ABLATION-C4/workspace/runs/seed-12451--shuffled-d0.02,research/jobs/E2-CHANNEL-ABLATION-C4/workspace/inputs/seed-12451/shuffled-resource.npy,research/jobs/E2-CHANNEL-ABLATION-C4/workspace/inputs/seed-12451/initial-sigma-0.01-eps-0.5.csv,0bdf01279634d348fbb574269623a5e876090a86183c35f2185523a538ca544b,49969ff02a009aceec2d5a669d50321e88d8891ca3c6f2621d320ba0a89acf4e,ef6b7e8221e7ae4e6ec662e351682eaff79c1f77e2c59e2ca055e99bd046fa10,0.0006234568946143929,-0.000202006882361977,0.8113830646496474,0.6822715589718346,0.6456756567628822,0.5051999367032431,0.0,6.731079263253348e-09,1000.0,1.0012053288131035,0.010122332655727111,10.122332655727112,6.731079263253348e-09,True,0.08937406288050122,1.6321898199237748,88.22503255578752,0.0006673245176202845,1.1410142236001308,126.20351001905205,0.003505746628779161,3.694122563596672,38.98083983975851,0.05384356601219419,12.0509633906359,11.949252132978348,0.0,1.0,144.0,-0.8994497678894706,144,0.10103998734064863
seed-12451--flat-d0.02,12451,flat-d0.02,flat,False,True,0.02,0.01,0.5,0.05,1.0,True,0.5,0.005,0.5,canonical,False,timestep,research/jobs/E2-CHANNEL-ABLATION-C4/workspace/runs/seed-12451--flat-d0.02/politeia.cfg,research/jobs/E2-CHANNEL-ABLATION-C4/workspace/runs/seed-12451--flat-d0.02,research/jobs/E2-CHANNEL-ABLATION-C4/workspace/inputs/seed-12451/flat-resource.npy,research/jobs/E2-CHANNEL-ABLATION-C4/workspace/inputs/seed-12451/initial-sigma-0.01-eps-0.5.csv,7633822c53bad1ddffcd330a05571c64c3b874fdbd1e21b0d95a7328883ce281,fef5f52118a113fddd5c6ae99bd8e5a852ca5fb3c11d66a225da7ae556df8466,ef6b7e8221e7ae4e6ec662e351682eaff79c1f77e2c59e2ca055e99bd046fa10,,-0.000202006882361977,0.8113830646496474,0.6784942121766082,0.6166640981593383,0.5043435173451991,0.0,8.373252071862946e-06,1000.0,1.0,0.010086870346903988,10.086870346903986,8.373252071862946e-06,True,0.08937406288050122,1.6321898199237748,88.22503255578752,0.0006673245176202845,1.1410142236001308,126.20351001905205,0.0017972293779955756,2.2870766777222356,62.96247143904842,0.023603451427792452,8.94535351076488,16.09774279202155,0.0,1.0,144.0,-0.8991312965309602,144,0.10086870346903982
seed-12451--clustered-d0.01,12451,clustered-d0.01,clustered,False,True,0.01,0.005,0.5,0.05,1.0,True,0.5,0.005,0.5,canonical,False,timestep,research/jobs/E2-CHANNEL-ABLATION-C4/workspace/runs/seed-12451--clustered-d0.01/politeia.cfg,research/jobs/E2-CHANNEL-ABLATION-C4/workspace/runs/seed-12451--clustered-d0.01,research/jobs/E2-CHANNEL-ABLATION-C4/workspace/inputs/seed-12451/clustered-resource.npy,research/jobs/E2-CHANNEL-ABLATION-C4/workspace/inputs/seed-12451/initial-sigma-0.01-eps-0.5.csv,0a9642801935f0699cf95f163b205d0bb9506abfafdb1df65987bc4b36deba1a,a91231e464c4b4b451ea58db7fef53ef3e20f924e7bd49ee5e338b3df7942d84,ef6b7e8221e7ae4e6ec662e351682eaff79c1f77e2c59e2ca055e99bd046fa10,-0.012786460739440756,-0.000202006882361977,0.8113830646496474,0.7754319564117744,1.2322646699131252,0.5033197923348399,0.0,4.0523330683113435e-09,1000.0,0.9701184100874409,0.0050141204065287815,5.014120406528781,1.3636343653693073e-09,False,0.08937406288050122,1.6321898199237748,88.22503255578752,0.0006673245176202845,1.1410142236001308,126.20351001905205,0.01718651065307533,33.918525728903106,4.245467540391734,0.32548863289684504,48.28527618352548,2.9822755792609827,0.0,1.0,144.0,-0.896800525621116,144,0.10066395846696799
seed-12451--clustered-d0.04,12451,clustered-d0.04,clustered,False,True,0.04,0.02,0.5,0.05,1.0,True,0.5,0.005,0.5,canonical,False,timestep,research/jobs/E2-CHANNEL-ABLATION-C4/workspace/runs/seed-12451--clustered-d0.04/politeia.cfg,research/jobs/E2-CHANNEL-ABLATION-C4/workspace/runs/seed-12451--clustered-d0.04,research/jobs/E2-CHANNEL-ABLATION-C4/workspace/inputs/seed-12451/clustered-resource.npy,research/jobs/E2-CHANNEL-ABLATION-C4/workspace/inputs/seed-12451/initial-sigma-0.01-eps-0.5.csv,0a9642801935f0699cf95f163b205d0bb9506abfafdb1df65987bc4b36deba1a,a91231e464c4b4b451ea58db7fef53ef3e20f924e7bd49ee5e338b3df7942d84,ef6b7e8221e7ae4e6ec662e351682eaff79c1f77e2c59e2ca055e99bd046fa10,-0.012786460739440756,-0.000202006882361977,0.8113830646496474,0.764434641167807,1.130728956185999,0.5015245063189402,0.0,1.6209332273245374e-08,1000.0,0.9701184100874409,0.020056481626115126,20.056481626115126,5.454537461477229e-09,False,0.08937406288050122,1.6321898199237748,88.22503255578752,0.0006673245176202845,1.1410142236001308,126.20351001905205,0.012962392431430967,25.174441757314412,5.720087118045464,0.41474007465685303,50.596502538019244,2.8460465205434993,0.0,1.0,144.0,-0.897177129942082,144,0.10030490126378803
seed-12457--clustered-d0.02,12457,clustered-d0.02,clustered,False,True,0.02,0.01,0.5,0.05,1.0,True,0.5,0.005,0.5,canonical,False,timestep,research/jobs/E2-CHANNEL-ABLATION-C4/workspace/runs/seed-12457--clustered-d0.02/politeia.cfg,research/jobs/E2-CHANNEL-ABLATION-C4/workspace/runs/seed-12457--clustered-d0.02,research/jobs/E2-CHANNEL-ABLATION-C4/workspace/inputs/seed-12457/clustered-resource.npy,research/jobs/E2-CHANNEL-ABLATION-C4/workspace/inputs/seed-12457/initial-sigma-0.01-eps-0.5.csv,79a02584f425c77b8ac3bcb7dd264df2e0b5218510d422b8e7d0854ea358c21b,0f138b2f85abec857888210dd5914114d23d897594239a73e060e4452e7193a8,a7ce88239b5e73a6b041e12b8ad91d95ba4e27df593ac562c2effad6aac1360f,0.00011302314903193215,0.0012863500060537522,0.811055367269844,0.7703249626214735,1.1958876570403953,0.5094699714088338,0.0,2.5404117524335745e-09,1000.0,1.0067032650502934,0.010169475183736893,10.169475183736893,1.6570397987528459e-10,True,0.020567202768842486,1.2158678963090497,118.43391904427587,0.0005942385759794847,1.1074475795043677,130.02872791906452,0.001449964431272098,9.469835203166408,15.206178028510045,0.01730905839533935,11.780692223755096,12.22339038020467,0.0,1.0,144.0,-0.9002877073036468,144,0.10189399428176675
seed-12457--shuffled-d0.02,12457,shuffled-d0.02,shuffled,False,True,0.02,0.01,0.5,0.05,1.0,True,0.5,0.005,0.5,canonical,False,timestep,research/jobs/E2-CHANNEL-ABLATION-C4/workspace/runs/seed-12457--shuffled-d0.02/politeia.cfg,research/jobs/E2-CHANNEL-ABLATION-C4/workspace/runs/seed-12457--shuffled-d0.02,research/jobs/E2-CHANNEL-ABLATION-C4/workspace/inputs/seed-12457/shuffled-resource.npy,research/jobs/E2-CHANNEL-ABLATION-C4/workspace/inputs/seed-12457/initial-sigma-0.01-eps-0.5.csv,88848dddd8ac3ac8e9f85cfb563f26a649c279ddd1fcabc74d56410af227492a,6851bea8f27ebfd875725dd52e79ffc3b6d00fd22ca5b97d2246efbed27a4401,a7ce88239b5e73a6b041e12b8ad91d95ba4e27df593ac562c2effad6aac1360f,-0.0005453169500954668,0.0012863500060537522,0.811055367269844,0.6877036153370639,0.6467090670465375,0.49882354595987227,0.0,3.605357368427542e-08,1000.0,1.0023442720574207,0.00997621967809987,9.97621967809987,3.110821255735118e-08,True,0.020567202768842486,1.2158678963090497,118.43391904427587,0.0005942385759794847,1.1074475795043677,130.02872791906452,0.0032361480189445338,4.7393346302304735,30.384011941566,0.0011974143073358971,3.6720259833379623,39.215408783436885,0.0,1.0,144.0,-0.9004876054847125,144,0.09976470919197446
seed-12457--flat-d0.02,12457,flat-d0.02,flat,False,True,0.02,0.01,0.5,0.05,1.0,True,0.5,0.005,0.5,canonical,False,timestep,research/jobs/E2-CHANNEL-ABLATION-C4/workspace/runs/seed-12457--flat-d0.02/politeia.cfg,research/jobs/E2-CHANNEL-ABLATION-C4/workspace/runs/seed-12457--flat-d0.02,research/jobs/E2-CHANNEL-ABLATION-C4/workspace/inputs/seed-12457/flat-resource.npy,research/jobs/E2-CHANNEL-ABLATION-C4/workspace/inputs/seed-12457/initial-sigma-0.01-eps-0.5.csv,7633822c53bad1ddffcd330a05571c64c3b874fdbd1e21b0d95a7328883ce281,fef5f52118a113fddd5c6ae99bd8e5a852ca5fb3c11d66a225da7ae556df8466,a7ce88239b5e73a6b041e12b8ad91d95ba4e27df593ac562c2effad6aac1360f,,0.0012863500060537522,0.811055367269844,0.6863848825857572,0.6424459269759412,0.4984497641239645,0.0,9.401267951956849e-06,1000.0,1.0,0.009968995282479295,9.968995282479293,9.401267951956849e-06,True,0.020567202768842486,1.2158678963090497,118.43391904427587,0.0005942385759794847,1.1074475795043677,130.02872791906452,0.0025204096343266315,5.249589420592772,27.430716664264356,0.0173335371885846,4.766192337939458,30.212796670781174,0.0,1.0,144.0,-0.900310047175207,144,0.0996899528247929
seed-12457--clustered-d0.01,12457,clustered-d0.01,clustered,False,True,0.01,0.005,0.5,0.05,1.0,True,0.5,0.005,0.5,canonical,False,timestep,research/jobs/E2-CHANNEL-ABLATION-C4/workspace/runs/seed-12457--clustered-d0.01/politeia.cfg,research/jobs/E2-CHANNEL-ABLATION-C4/workspace/runs/seed-12457--clustered-d0.01,research/jobs/E2-CHANNEL-ABLATION-C4/workspace/inputs/seed-12457/clustered-resource.npy,research/jobs/E2-CHANNEL-ABLATION-C4/workspace/inputs/seed-12457/initial-sigma-0.01-eps-0.5.csv,79a02584f425c77b8ac3bcb7dd264df2e0b5218510d422b8e7d0854ea358c21b,0f138b2f85abec857888210dd5914114d23d897594239a73e060e4452e7193a8,a7ce88239b5e73a6b041e12b8ad91d95ba4e27df593ac562c2effad6aac1360f,0.00011302314903193215,0.0012863500060537522,0.811055367269844,0.7768166401764987,1.2593576508795552,0.509497778169269,0.0,1.2702058762167873e-09,1000.0,1.0067032650502934,0.005084737591868446,5.084737591868446,8.285198993764229e-11,True,0.020567202768842486,1.2158678963090497,118.43391904427587,0.0005942385759794847,1.1074475795043677,130.02872791906452,0.0002652678100412115,8.578833950918963,16.78549798537303,0.05344044201414993,10.825263827597588,13.302216213233613,0.0,1.0,144.0,-0.8995130776582119,144,0.1018995556338538
seed-12457--clustered-d0.04,12457,clustered-d0.04,clustered,False,True,0.04,0.02,0.5,0.05,1.0,True,0.5,0.005,0.5,canonical,False,timestep,research/jobs/E2-CHANNEL-ABLATION-C4/workspace/runs/seed-12457--clustered-d0.04/politeia.cfg,research/jobs/E2-CHANNEL-ABLATION-C4/workspace/runs/seed-12457--clustered-d0.04,research/jobs/E2-CHANNEL-ABLATION-C4/workspace/inputs/seed-12457/clustered-resource.npy,research/jobs/E2-CHANNEL-ABLATION-C4/workspace/inputs/seed-12457/initial-sigma-0.01-eps-0.5.csv,79a02584f425c77b8ac3bcb7dd264df2e0b5218510d422b8e7d0854ea358c21b,0f138b2f85abec857888210dd5914114d23d897594239a73e060e4452e7193a8,a7ce88239b5e73a6b041e12b8ad91d95ba4e27df593ac562c2effad6aac1360f,0.00011302314903193215,0.0012863500060537522,0.811055367269844,0.7556067479678242,1.0866514363110984,0.5091625769131206,0.0,5.080823504867149e-09,1000.0,1.0067032650502934,0.020338950367473786,20.338950367473785,3.3140795975056917e-10,True,0.020567202768842486,1.2158678963090497,118.43391904427587,0.0005942385759794847,1.1074475795043677,130.02872791906452,0.0012189192783953532,10.280718051591224,14.006803734658597,0.0229393770800808,12.563740183729129,11.461555069921733,0.0,1.0,144.0,-0.9008833375295823,144,0.10183251538262413
seed-12473--clustered-d0.02,12473,clustered-d0.02,clustered,False,True,0.02,0.01,0.5,0.05,1.0,True,0.5,0.005,0.5,canonical,False,timestep,research/jobs/E2-CHANNEL-ABLATION-C4/workspace/runs/seed-12473--clustered-d0.02/politeia.cfg,research/jobs/E2-CHANNEL-ABLATION-C4/workspace/runs/seed-12473--clustered-d0.02,research/jobs/E2-CHANNEL-ABLATION-C4/workspace/inputs/seed-12473/clustered-resource.npy,research/jobs/E2-CHANNEL-ABLATION-C4/workspace/inputs/seed-12473/initial-sigma-0.01-eps-0.5.csv,a127cc40db8e5e3fb17cdf64ff829660dc3eacce81dbbbe7a43abcedc7521566,b1748c00e775cdc856fe2d40cb624d869c93c789bf3ed91dfafccc40bdda110f,ebc15da1564aba4d0fb2f68513bcba217d71404fe51decd0c6c6de84f1bca977,-0.003953071262538442,0.0015841045657350211,0.8111516106548469,0.806426984413733,1.3014795763462388,0.505346666558551,1.388888888888889e-05,0.0,1000.0,1.0084035703192225,0.010137750326937953,10.137750326937951,0.0,False,0.16377999176440905,2.6524908212456446,54.288595024195295,0.0011957642813689021,1.9907581352911898,72.33425168393799,0.009721873634425107,11.316897530610765,12.72433541175913,0.18343594945436867,31.523101621994286,4.568078412040786,0.014942528735632184,1.0,144.0,-0.8992457334953109,144,0.1010693333117102
seed-12473--shuffled-d0.02,12473,shuffled-d0.02,shuffled,False,True,0.02,0.01,0.5,0.05,1.0,True,0.5,0.005,0.5,canonical,False,timestep,research/jobs/E2-CHANNEL-ABLATION-C4/workspace/runs/seed-12473--shuffled-d0.02/politeia.cfg,research/jobs/E2-CHANNEL-ABLATION-C4/workspace/runs/seed-12473--shuffled-d0.02,research/jobs/E2-CHANNEL-ABLATION-C4/workspace/inputs/seed-12473/shuffled-resource.npy,research/jobs/E2-CHANNEL-ABLATION-C4/workspace/inputs/seed-12473/initial-sigma-0.01-eps-0.5.csv,06c4f8fe210f4d25d0b85be9b6c5d623a1fcc0d8c11e5ed4cefa0ba414c6a175,d41b4f8aa57b26b1c34c9182a4d287b1237f20391ff216fa000007d4b3dbb32e,ebc15da1564aba4d0fb2f68513bcba217d71404fe51decd0c6c6de84f1bca977,0.00026457679475105477,0.0015841045657350211,0.8111516106548469,0.6861896240370235,0.6163881097107607,0.4993303958402746,0.0,1.142886145390464e-09,1000.0,0.9970789236452428,0.009969892620382835,9.969892620382835,6.325655220400364e-10,True,0.16377999176440905,2.6524908212456446,54.288595024195295,0.0011957642813689021,1.9907581352911898,72.33425168393799,0.003615452851507066,3.425377520483264,42.03916185556212,0.013815373738680223,11.853150631207908,12.148668694116267,0.0,1.0,144.0,-0.9010732504741571,144,0.09986607916805493
seed-12473--flat-d0.02,12473,flat-d0.02,flat,False,True,0.02,0.01,0.5,0.05,1.0,True,0.5,0.005,0.5,canonical,False,timestep,research/jobs/E2-CHANNEL-ABLATION-C4/workspace/runs/seed-12473--flat-d0.02/politeia.cfg,research/jobs/E2-CHANNEL-ABLATION-C4/workspace/runs/seed-12473--flat-d0.02,research/jobs/E2-CHANNEL-ABLATION-C4/workspace/inputs/seed-12473/flat-resource.npy,research/jobs/E2-CHANNEL-ABLATION-C4/workspace/inputs/seed-12473/initial-sigma-0.01-eps-0.5.csv,7633822c53bad1ddffcd330a05571c64c3b874fdbd1e21b0d95a7328883ce281,fef5f52118a113fddd5c6ae99bd8e5a852ca5fb3c11d66a225da7ae556df8466,ebc15da1564aba4d0fb2f68513bcba217d71404fe51decd0c6c6de84f1bca977,,0.0015841045657350211,0.8111516106548469,0.6831312613908801,0.6049042591352789,0.49940877180697885,0.0,6.966033197170949e-06,1000.0,1.0,0.009988175436139578,9.988175436139578,6.966033197170949e-06,True,0.16377999176440905,2.6524908212456446,54.288595024195295,0.0011957642813689021,1.9907581352911898,72.33425168393799,0.004874680279910573,2.7733686961473754,51.9224148596029,0.008741183657747936,4.4942816483125005,32.040715573326096,0.0,1.0,144.0,-0.9001182456386043,144,0.09988175436139576
seed-12473--clustered-d0.01,12473,clustered-d0.01,clustered,False,True,0.01,0.005,0.5,0.05,1.0,True,0.5,0.005,0.5,canonical,False,timestep,research/jobs/E2-CHANNEL-ABLATION-C4/workspace/runs/seed-12473--clustered-d0.01/politeia.cfg,research/jobs/E2-CHANNEL-ABLATION-C4/workspace/runs/seed-12473--clustered-d0.01,research/jobs/E2-CHANNEL-ABLATION-C4/workspace/inputs/seed-12473/clustered-resource.npy,research/jobs/E2-CHANNEL-ABLATION-C4/workspace/inputs/seed-12473/initial-sigma-0.01-eps-0.5.csv,a127cc40db8e5e3fb17cdf64ff829660dc3eacce81dbbbe7a43abcedc7521566,b1748c00e775cdc856fe2d40cb624d869c93c789bf3ed91dfafccc40bdda110f,ebc15da1564aba4d0fb2f68513bcba217d71404fe51decd0c6c6de84f1bca977,-0.003953071262538442,0.0015841045657350211,0.8111516106548469,0.800164963688435,1.2709577936308625,0.504065184736921,1.388888888888889e-05,0.0,1000.0,1.0084035703192225,0.005068875163468977,5.0688751634689755,0.0,False,0.16377999176440905,2.6524908212456446,54.288595024195295,0.0011957642813689021,1.9907581352911898,72.33425168393799,0.00824801100234717,6.8048077256290815,21.161509010408913,0.1751081358082165,32.3105622808114,4.456746953163322,0.014942528735632184,1.0,144.0,-0.8985874045030084,144,0.1008130369473842
seed-12473--clustered-d0.04,12473,clustered-d0.04,clustered,False,True,0.04,0.02,0.5,0.05,1.0,True,0.5,0.005,0.5,canonical,False,timestep,research/jobs/E2-CHANNEL-ABLATION-C4/workspace/runs/seed-12473--clustered-d0.04/politeia.cfg,research/jobs/E2-CHANNEL-ABLATION-C4/workspace/runs/seed-12473--clustered-d0.04,research/jobs/E2-CHANNEL-ABLATION-C4/workspace/inputs/seed-12473/clustered-resource.npy,research/jobs/E2-CHANNEL-ABLATION-C4/workspace/inputs/seed-12473/initial-sigma-0.01-eps-0.5.csv,a127cc40db8e5e3fb17cdf64ff829660dc3eacce81dbbbe7a43abcedc7521566,b1748c00e775cdc856fe2d40cb624d869c93c789bf3ed91dfafccc40bdda110f,ebc15da1564aba4d0fb2f68513bcba217d71404fe51decd0c6c6de84f1bca977,-0.003953071262538442,0.0015841045657350211,0.8111516106548469,0.8040723579237457,1.2627429041155211,0.5061149023847948,1.388888888888889e-05,0.0,1000.0,1.0084035703192225,0.020275500653875907,20.275500653875902,0.0,False,0.16377999176440905,2.6524908212456446,54.288595024195295,0.0011957642813689021,1.9907581352911898,72.33425168393799,0.010456822091611391,15.553844965622945,9.25816094465827,0.17564062047252035,29.783644463180106,4.834868351252962,0.014942528735632184,1.0,144.0,-0.8996797676475442,144,0.10122298047695896
seed-12479--clustered-d0.02,12479,clustered-d0.02,clustered,False,True,0.02,0.01,0.5,0.05,1.0,True,0.5,0.005,0.5,canonical,False,timestep,research/jobs/E2-CHANNEL-ABLATION-C4/workspace/runs/seed-12479--clustered-d0.02/politeia.cfg,research/jobs/E2-CHANNEL-ABLATION-C4/workspace/runs/seed-12479--clustered-d0.02,research/jobs/E2-CHANNEL-ABLATION-C4/workspace/inputs/seed-12479/clustered-resource.npy,research/jobs/E2-CHANNEL-ABLATION-C4/workspace/inputs/seed-12479/initial-sigma-0.01-eps-0.5.csv,ea83f32bc6b3f8bf3f531ee5d656af5128ad149cd2f2694dc149a342bb75183e,fbfd5f34edd73c226ee21d4911f015e7f904ae41f5fc0bd0ee2adebcc5084c58,443050c9a89abc16be0a8c453c8055b95c50feedb2c786d0be88b3bdea3a119c,-0.003196063494074176,0.001093964876375733,0.8113456008833394,0.783655612649637,1.1313546721378849,0.49149819488579854,0.0,1.063339160310907e-12,1000.0,0.9737702131653493,0.009847172378226157,9.847172378226157,1.2167131046025473e-13,True,0.018856143542423227,1.0,144.0,0.000373012993303498,1.549830714467445,92.91337347736167,0.001401189419138338,10.264117501118113,14.029457474966891,0.04477259220165825,12.407115519975372,11.60624318909266,0.0,1.0,144.0,-0.9008702036568657,144,0.09829963897715971
seed-12479--shuffled-d0.02,12479,shuffled-d0.02,shuffled,False,True,0.02,0.01,0.5,0.05,1.0,True,0.5,0.005,0.5,canonical,False,timestep,research/jobs/E2-CHANNEL-ABLATION-C4/workspace/runs/seed-12479--shuffled-d0.02/politeia.cfg,research/jobs/E2-CHANNEL-ABLATION-C4/workspace/runs/seed-12479--shuffled-d0.02,research/jobs/E2-CHANNEL-ABLATION-C4/workspace/inputs/seed-12479/shuffled-resource.npy,research/jobs/E2-CHANNEL-ABLATION-C4/workspace/inputs/seed-12479/initial-sigma-0.01-eps-0.5.csv,0a3cc757aed44b12c6b9903fc606f1b176c34c294acbd0a20ac1c2a227409159,dcc86e9600f5b32a9a130b833888d06ceac752cd6c11e61765912ba59e1bc491,443050c9a89abc16be0a8c453c8055b95c50feedb2c786d0be88b3bdea3a119c,0.001288856068310065,0.001093964876375733,0.8113456008833394,0.6900833122032718,0.6695005455425517,0.5052681665038246,0.0,3.299253263318099e-08,1000.0,1.0023920725574063,0.010128014535363513,10.128014535363512,1.2878137350290327e-11,True,0.018856143542423227,1.0,144.0,0.000373012993303498,1.549830714467445,92.91337347736167,0.005235462499996956,7.576634555794514,19.00579986266734,0.007705840399760952,8.451625012033647,17.038143528016093,0.0,1.0,144.0,-0.8970881303910766,144,0.10105363330076492
seed-12479--flat-d0.02,12479,flat-d0.02,flat,False,True,0.02,0.01,0.5,0.05,1.0,True,0.5,0.005,0.5,canonical,False,timestep,research/jobs/E2-CHANNEL-ABLATION-C4/workspace/runs/seed-12479--flat-d0.02/politeia.cfg,research/jobs/E2-CHANNEL-ABLATION-C4/workspace/runs/seed-12479--flat-d0.02,research/jobs/E2-CHANNEL-ABLATION-C4/workspace/inputs/seed-12479/flat-resource.npy,research/jobs/E2-CHANNEL-ABLATION-C4/workspace/inputs/seed-12479/initial-sigma-0.01-eps-0.5.csv,7633822c53bad1ddffcd330a05571c64c3b874fdbd1e21b0d95a7328883ce281,fef5f52118a113fddd5c6ae99bd8e5a852ca5fb3c11d66a225da7ae556df8466,443050c9a89abc16be0a8c453c8055b95c50feedb2c786d0be88b3bdea3a119c,,0.001093964876375733,0.8113456008833394,0.687344005238685,0.6515667115602101,0.5038807090054576,0.0,9.21350751443032e-06,1000.0,1.0,0.01007761418010915,10.077614180109151,9.21350751443032e-06,True,0.018856143542423227,1.0,144.0,0.000373012993303498,1.549830714467445,92.91337347736167,0.00848750022224351,8.526019382436397,16.889476031058532,0.04922297892630422,11.905349308411525,12.095403189745909,0.0,1.0,144.0,-0.8992238581989086,144,0.10077614180109151
seed-12479--clustered-d0.01,12479,clustered-d0.01,clustered,False,True,0.01,0.005,0.5,0.05,1.0,True,0.5,0.005,0.5,canonical,False,timestep,research/jobs/E2-CHANNEL-ABLATION-C4/workspace/runs/seed-12479--clustered-d0.01/politeia.cfg,research/jobs/E2-CHANNEL-ABLATION-C4/workspace/runs/seed-12479--clustered-d0.01,research/jobs/E2-CHANNEL-ABLATION-C4/workspace/inputs/seed-12479/clustered-resource.npy,research/jobs/E2-CHANNEL-ABLATION-C4/workspace/inputs/seed-12479/initial-sigma-0.01-eps-0.5.csv,ea83f32bc6b3f8bf3f531ee5d656af5128ad149cd2f2694dc149a342bb75183e,fbfd5f34edd73c226ee21d4911f015e7f904ae41f5fc0bd0ee2adebcc5084c58,443050c9a89abc16be0a8c453c8055b95c50feedb2c786d0be88b3bdea3a119c,-0.003196063494074176,0.001093964876375733,0.8113456008833394,0.7864294786305207,1.1679969543434419,0.4905092052984272,0.0,5.316695801554535e-13,1000.0,0.9737702131653493,0.004923586189113078,4.923586189113078,6.083565523012736e-14,True,0.018856143542423227,1.0,144.0,0.000373012993303498,1.549830714467445,92.91337347736167,0.0011619139332885216,9.946881510528533,14.476899101248918,0.08607563184501052,13.275313579824198,10.847201396345996,0.0,1.0,144.0,-0.900926715238227,144,0.09810184105968543
seed-12479--clustered-d0.04,12479,clustered-d0.04,clustered,False,True,0.04,0.02,0.5,0.05,1.0,True,0.5,0.005,0.5,canonical,False,timestep,research/jobs/E2-CHANNEL-ABLATION-C4/workspace/runs/seed-12479--clustered-d0.04/politeia.cfg,research/jobs/E2-CHANNEL-ABLATION-C4/workspace/runs/seed-12479--clustered-d0.04,research/jobs/E2-CHANNEL-ABLATION-C4/workspace/inputs/seed-12479/clustered-resource.npy,research/jobs/E2-CHANNEL-ABLATION-C4/workspace/inputs/seed-12479/initial-sigma-0.01-eps-0.5.csv,ea83f32bc6b3f8bf3f531ee5d656af5128ad149cd2f2694dc149a342bb75183e,fbfd5f34edd73c226ee21d4911f015e7f904ae41f5fc0bd0ee2adebcc5084c58,443050c9a89abc16be0a8c453c8055b95c50feedb2c786d0be88b3bdea3a119c,-0.003196063494074176,0.001093964876375733,0.8113456008833394,0.773486093731497,1.0472388862996342,0.4919171625574653,0.0,2.126678320621814e-12,1000.0,0.9737702131653493,0.019694344756452313,19.694344756452313,2.4334262092050946e-13,True,0.018856143542423227,1.0,144.0,0.000373012993303498,1.549830714467445,92.91337347736167,0.0020876893774392563,11.372356820130394,12.66228296188379,0.016087855756743923,11.759542987934944,12.245373833638018,0.0,1.0,144.0,-0.9005802975362603,144,0.09838343251149306
seed-12487--clustered-d0.02,12487,clustered-d0.02,clustered,False,True,0.02,0.01,0.5,0.05,1.0,True,0.5,0.005,0.5,canonical,False,timestep,research/jobs/E2-CHANNEL-ABLATION-C4/workspace/runs/seed-12487--clustered-d0.02/politeia.cfg,research/jobs/E2-CHANNEL-ABLATION-C4/workspace/runs/seed-12487--clustered-d0.02,research/jobs/E2-CHANNEL-ABLATION-C4/workspace/inputs/seed-12487/clustered-resource.npy,research/jobs/E2-CHANNEL-ABLATION-C4/workspace/inputs/seed-12487/initial-sigma-0.01-eps-0.5.csv,43a0630fcbdd958bca535042a8dce184e596c17293c4405ed80b3c89b773e3b4,ebaa95f0d77d76ae77d152e776d08b2e4d7876e85d9331c663ece9ab206a0dcc,a58d14e006217f1e5d6e8ab674dbeb75f3a5fcb0d10ccc0284fbf5dfb63e09a5,0.007836038564577279,0.00022868804047489354,0.8108314982216046,0.7945338588449459,1.2519831358232507,0.5047814525193208,0.0,9.984790312158246e-16,1000.0,1.0100636573600335,0.010096878238208084,10.096878238208083,5.703023640211693e-18,False,0.09029572659400827,1.480311600686674,97.27681653862778,8.404979500685938e-05,1.157740350317156,124.3802204531889,0.01045655098265521,16.37671543642428,8.792971982631043,0.13290966858344042,19.329009260840355,7.449942108090201,0.0,1.0,144.0,-0.8998421014077727,144,0.10095629050386416
seed-12487--shuffled-d0.02,12487,shuffled-d0.02,shuffled,False,True,0.02,0.01,0.5,0.05,1.0,True,0.5,0.005,0.5,canonical,False,timestep,research/jobs/E2-CHANNEL-ABLATION-C4/workspace/runs/seed-12487--shuffled-d0.02/politeia.cfg,research/jobs/E2-CHANNEL-ABLATION-C4/workspace/runs/seed-12487--shuffled-d0.02,research/jobs/E2-CHANNEL-ABLATION-C4/workspace/inputs/seed-12487/shuffled-resource.npy,research/jobs/E2-CHANNEL-ABLATION-C4/workspace/inputs/seed-12487/initial-sigma-0.01-eps-0.5.csv,4e210f3343849bfe1894674b303177e38c7ba06b133cac4ab60e1fe205fdcf53,82317c870d2958dad1fdc65098a63cfb4e1155b09404ea5fa803dfe441f7217d,a58d14e006217f1e5d6e8ab674dbeb75f3a5fcb0d10ccc0284fbf5dfb63e09a5,-0.0010097729773801921,0.00022868804047489354,0.8108314982216046,0.6870030283867286,0.6377541545066181,0.5000841905755213,0.0,2.2017956449742448e-08,1000.0,0.9973834150104016,0.00998555825477284,9.98555825477284,9.753900366058256e-12,True,0.09029572659400827,1.480311600686674,97.27681653862778,8.404979500685938e-05,1.157740350317156,124.3802204531889,0.001213152246940737,10.54461202570066,13.656263468871591,0.03636413257760456,18.06531567178327,7.971075768408392,0.0,1.0,144.0,-0.9007685247635221,144,0.10001683811510427
seed-12487--flat-d0.02,12487,flat-d0.02,flat,False,True,0.02,0.01,0.5,0.05,1.0,True,0.5,0.005,0.5,canonical,False,timestep,research/jobs/E2-CHANNEL-ABLATION-C4/workspace/runs/seed-12487--flat-d0.02/politeia.cfg,research/jobs/E2-CHANNEL-ABLATION-C4/workspace/runs/seed-12487--flat-d0.02,research/jobs/E2-CHANNEL-ABLATION-C4/workspace/inputs/seed-12487/flat-resource.npy,research/jobs/E2-CHANNEL-ABLATION-C4/workspace/inputs/seed-12487/initial-sigma-0.01-eps-0.5.csv,9301d310fd545703772c74e188ad4c892e0305c731b38f355210805f6c29385c,dd4dac632faac7c47d9997ffa1a8a84a1cdff39023c2195800bfe42ce6f21e29,a58d14e006217f1e5d6e8ab674dbeb75f3a5fcb0d10ccc0284fbf5dfb63e09a5,,0.00022868804047489354,0.8108314982216046,0.6821895887479876,0.6144515806202016,0.49884312467624664,0.0,9.154046589499493e-06,1000.0,1.0,0.009976862493524932,9.976862493524932,9.154046589499493e-06,True,0.09029572659400827,1.480311600686674,97.27681653862778,8.404979500685938e-05,1.157740350317156,124.3802204531889,0.0014874464368264833,9.38267171174924,15.3474409447449,0.02586159987344106,14.518749648785066,9.918209452151409,0.0,1.0,144.0,-0.9002313750647507,144,0.09976862493524932
seed-12487--clustered-d0.01,12487,clustered-d0.01,clustered,False,True,0.01,0.005,0.5,0.05,1.0,True,0.5,0.005,0.5,canonical,False,timestep,research/jobs/E2-CHANNEL-ABLATION-C4/workspace/runs/seed-12487--clustered-d0.01/politeia.cfg,research/jobs/E2-CHANNEL-ABLATION-C4/workspace/runs/seed-12487--clustered-d0.01,research/jobs/E2-CHANNEL-ABLATION-C4/workspace/inputs/seed-12487/clustered-resource.npy,research/jobs/E2-CHANNEL-ABLATION-C4/workspace/inputs/seed-12487/initial-sigma-0.01-eps-0.5.csv,43a0630fcbdd958bca535042a8dce184e596c17293c4405ed80b3c89b773e3b4,ebaa95f0d77d76ae77d152e776d08b2e4d7876e85d9331c663ece9ab206a0dcc,a58d14e006217f1e5d6e8ab674dbeb75f3a5fcb0d10ccc0284fbf5dfb63e09a5,0.007836038564577279,0.00022868804047489354,0.8108314982216046,0.7917576539436524,1.243909398984255,0.5044460383499801,0.0,4.992395156079123e-16,1000.0,1.0100636573600335,0.005048439119104042,5.048439119104041,2.8515118201058466e-18,False,0.09029572659400827,1.480311600686674,97.27681653862778,8.404979500685938e-05,1.157740350317156,124.3802204531889,0.011200122052483982,15.90218843022405,9.055357420259869,0.14422340658011593,21.048123335537944,6.841465042010106,0.0,1.0,144.0,-0.8993505029540867,144,0.10088920766999603
seed-12487--clustered-d0.04,12487,clustered-d0.04,clustered,False,True,0.04,0.02,0.5,0.05,1.0,True,0.5,0.005,0.5,canonical,False,timestep,research/jobs/E2-CHANNEL-ABLATION-C4/workspace/runs/seed-12487--clustered-d0.04/politeia.cfg,research/jobs/E2-CHANNEL-ABLATION-C4/workspace/runs/seed-12487--clustered-d0.04,research/jobs/E2-CHANNEL-ABLATION-C4/workspace/inputs/seed-12487/clustered-resource.npy,research/jobs/E2-CHANNEL-ABLATION-C4/workspace/inputs/seed-12487/initial-sigma-0.01-eps-0.5.csv,43a0630fcbdd958bca535042a8dce184e596c17293c4405ed80b3c89b773e3b4,ebaa95f0d77d76ae77d152e776d08b2e4d7876e85d9331c663ece9ab206a0dcc,a58d14e006217f1e5d6e8ab674dbeb75f3a5fcb0d10ccc0284fbf5dfb63e09a5,0.007836038564577279,0.00022868804047489354,0.8108314982216046,0.7900910772524465,1.2019444029238542,0.5049065344588102,0.0,1.996958062431649e-15,1000.0,1.0100636573600335,0.020193756476416167,20.193756476416166,1.1406047280423387e-17,False,0.09029572659400827,1.480311600686674,97.27681653862778,8.404979500685938e-05,1.157740350317156,124.3802204531889,0.01209273143081413,18.14747986142875,7.934986075177432,0.1277063486454448,18.111059635596458,7.950942843618857,0.0,1.0,144.0,-0.8997576884847778,144,0.10098130689176203
seed-12491--clustered-d0.02,12491,clustered-d0.02,clustered,False,True,0.02,0.01,0.5,0.05,1.0,True,0.5,0.005,0.5,canonical,False,timestep,research/jobs/E2-CHANNEL-ABLATION-C4/workspace/runs/seed-12491--clustered-d0.02/politeia.cfg,research/jobs/E2-CHANNEL-ABLATION-C4/workspace/runs/seed-12491--clustered-d0.02,research/jobs/E2-CHANNEL-ABLATION-C4/workspace/inputs/seed-12491/clustered-resource.npy,research/jobs/E2-CHANNEL-ABLATION-C4/workspace/inputs/seed-12491/initial-sigma-0.01-eps-0.5.csv,837d07b47b42d97bae782d0a9dd0551f6eeca7c45e1d32396040a0bf68817a57,6ea81cf847f01bd44ade3fadbe3f36cad468aa46a8969184e65eea97c794a2d5,a7c5946f5e2e63fbb9208f1d2934aad607011dd30850c438a2146c6e91044b1c,0.00613054931367693,-0.0014283127558999851,0.8115471529853928,0.7623510655152684,1.0182980690925139,0.5122247609706667,0.0,7.327822206175787e-11,1000.0,1.0213698001735336,0.010236668363598603,10.236668363598604,1.311010003635857e-11,True,0.12953225746138652,3.0660947433104333,46.96528061116747,0.00034495435952353374,1.5134998690306976,95.14371487340996,0.011781367456143306,23.528406234877096,6.1202615494857895,0.012640678796209288,14.037992795445902,10.257876756192337,0.0,1.0,144.0,-0.8992743283704413,144,0.10244495219413334
seed-12491--shuffled-d0.02,12491,shuffled-d0.02,shuffled,False,True,0.02,0.01,0.5,0.05,1.0,True,0.5,0.005,0.5,canonical,False,timestep,research/jobs/E2-CHANNEL-ABLATION-C4/workspace/runs/seed-12491--shuffled-d0.02/politeia.cfg,research/jobs/E2-CHANNEL-ABLATION-C4/workspace/runs/seed-12491--shuffled-d0.02,research/jobs/E2-CHANNEL-ABLATION-C4/workspace/inputs/seed-12491/shuffled-resource.npy,research/jobs/E2-CHANNEL-ABLATION-C4/workspace/inputs/seed-12491/initial-sigma-0.01-eps-0.5.csv,0335cf8b3e45609ed8d0b8a3647f19480cf63fddfcd60807e17a80aa614855d5,e43d4ef05618e3416850a28c8b1d79b988af59d482aea198fe1ca0c8317e4eff,a7c5946f5e2e63fbb9208f1d2934aad607011dd30850c438a2146c6e91044b1c,-0.001544396125499495,-0.0014283127558999851,0.8115471529853928,0.6849869369020058,0.6107296209331663,0.4980130895057374,0.0,1.4488501505840868e-07,1000.0,0.997597253099113,0.0099579558722026,9.957955872202598,5.558411984995339e-08,True,0.12953225746138652,3.0660947433104333,46.96528061116747,0.00034495435952353374,1.5134998690306976,95.14371487340996,0.004933711820646141,5.253910375731374,27.40815691587704,0.026650366231006462,11.079491288053045,12.996986617542126,0.0,1.0,144.0,-0.8992051950388094,144,0.09960261790114748
seed-12491--flat-d0.02,12491,flat-d0.02,flat,False,True,0.02,0.01,0.5,0.05,1.0,True,0.5,0.005,0.5,canonical,False,timestep,research/jobs/E2-CHANNEL-ABLATION-C4/workspace/runs/seed-12491--flat-d0.02/politeia.cfg,research/jobs/E2-CHANNEL-ABLATION-C4/workspace/runs/seed-12491--flat-d0.02,research/jobs/E2-CHANNEL-ABLATION-C4/workspace/inputs/seed-12491/flat-resource.npy,research/jobs/E2-CHANNEL-ABLATION-C4/workspace/inputs/seed-12491/initial-sigma-0.01-eps-0.5.csv,7633822c53bad1ddffcd330a05571c64c3b874fdbd1e21b0d95a7328883ce281,fef5f52118a113fddd5c6ae99bd8e5a852ca5fb3c11d66a225da7ae556df8466,a7c5946f5e2e63fbb9208f1d2934aad607011dd30850c438a2146c6e91044b1c,,-0.0014283127558999851,0.8115471529853928,0.6835988587487027,0.6068691731962873,0.4984074500828634,0.0,7.784604213373179e-06,1000.0,1.0,0.009968149001657265,9.968149001657265,7.784604213373179e-06,True,0.12953225746138652,3.0660947433104333,46.96528061116747,0.00034495435952353374,1.5134998690306976,95.14371487340996,0.0030616092741800466,4.987706999394822,28.87098220033215,0.014214093004466103,7.957249671707598,18.09670501002366,0.0,1.0,144.0,-0.9003185099834272,144,0.09968149001657269
seed-12491--clustered-d0.01,12491,clustered-d0.01,clustered,False,True,0.01,0.005,0.5,0.05,1.0,True,0.5,0.005,0.5,canonical,False,timestep,research/jobs/E2-CHANNEL-ABLATION-C4/workspace/runs/seed-12491--clustered-d0.01/politeia.cfg,research/jobs/E2-CHANNEL-ABLATION-C4/workspace/runs/seed-12491--clustered-d0.01,research/jobs/E2-CHANNEL-ABLATION-C4/workspace/inputs/seed-12491/clustered-resource.npy,research/jobs/E2-CHANNEL-ABLATION-C4/workspace/inputs/seed-12491/initial-sigma-0.01-eps-0.5.csv,837d07b47b42d97bae782d0a9dd0551f6eeca7c45e1d32396040a0bf68817a57,6ea81cf847f01bd44ade3fadbe3f36cad468aa46a8969184e65eea97c794a2d5,a7c5946f5e2e63fbb9208f1d2934aad607011dd30850c438a2146c6e91044b1c,0.00613054931367693,-0.0014283127558999851,0.8115471529853928,0.7671162159964078,1.0508878357272076,0.5118052998985972,0.0,3.6639111030878936e-11,1000.0,1.0213698001735336,0.005118334181799302,5.118334181799302,6.555050018179285e-12,True,0.12953225746138652,3.0660947433104333,46.96528061116747,0.00034495435952353374,1.5134998690306976,95.14371487340996,0.007852583558510994,11.786008493680413,12.217876822099011,0.025467626630352413,14.073538969422733,10.231967972864936,0.0,1.0,144.0,-0.8991198479782956,144,0.10236105997971945
seed-12491--clustered-d0.04,12491,clustered-d0.04,clustered,False,True,0.04,0.02,0.5,0.05,1.0,True,0.5,0.005,0.5,canonical,False,timestep,research/jobs/E2-CHANNEL-ABLATION-C4/workspace/runs/seed-12491--clustered-d0.04/politeia.cfg,research/jobs/E2-CHANNEL-ABLATION-C4/workspace/runs/seed-12491--clustered-d0.04,research/jobs/E2-CHANNEL-ABLATION-C4/workspace/inputs/seed-12491/clustered-resource.npy,research/jobs/E2-CHANNEL-ABLATION-C4/workspace/inputs/seed-12491/initial-sigma-0.01-eps-0.5.csv,837d07b47b42d97bae782d0a9dd0551f6eeca7c45e1d32396040a0bf68817a57,6ea81cf847f01bd44ade3fadbe3f36cad468aa46a8969184e65eea97c794a2d5,a7c5946f5e2e63fbb9208f1d2934aad607011dd30850c438a2146c6e91044b1c,0.00613054931367693,-0.0014283127558999851,0.8115471529853928,0.7491757431815204,0.9392468236099284,0.5121614426189738,0.0,1.7115949368100722e-10,1000.0,1.0213698001735336,0.020473336727197207,20.473336727197207,2.622020007271714e-11,True,0.12953225746138652,3.0660947433104333,46.96528061116747,0.00034495435952353374,1.5134998690306976,95.14371487340996,0.013649974238672133,25.704965419911456,5.602030488959748,0.0046586741650031386,13.260883962609247,10.859004603767469,0.0,1.0,144.0,-0.8993508113067422,144,0.10243228852379475
seed-12497--clustered-d0.02,12497,clustered-d0.02,clustered,False,True,0.02,0.01,0.5,0.05,1.0,True,0.5,0.005,0.5,canonical,False,timestep,research/jobs/E2-CHANNEL-ABLATION-C4/workspace/runs/seed-12497--clustered-d0.02/politeia.cfg,research/jobs/E2-CHANNEL-ABLATION-C4/workspace/runs/seed-12497--clustered-d0.02,research/jobs/E2-CHANNEL-ABLATION-C4/workspace/inputs/seed-12497/clustered-resource.npy,research/jobs/E2-CHANNEL-ABLATION-C4/workspace/inputs/seed-12497/initial-sigma-0.01-eps-0.5.csv,e0fdfa95bf64534036b45f96a6ba57c6561e8466392a9654b36c5f1fa72625f2,9d0f623cba214f84b7aa06b916693654c15c3680324ff9312ae41bcf81c61308,8d2863dec5f6f8bf3a0d4e5298c634131694fab69028e09f1d2c56cc8369a1fc,-0.0029457992809405896,0.0008394773334621558,0.8111302879403692,0.8448939769336132,1.734491834656271,0.5026508342442744,0.0,1.2133261585431775e-12,1000.0,0.9810268218055964,0.0099473178652324,9.947317865232401,1.160688186954102e-13,False,0.0028427083702144765,1.5577253553492174,92.44248320508173,0.00026129521139935314,1.2504777460812615,115.15598774249779,0.00013777546881005615,13.805891312630054,10.43032983087911,0.31843455527042197,45.0996487117808,3.192929526353156,0.0,1.0,144.0,-0.9026009905343159,144,0.10053016684885488
seed-12497--shuffled-d0.02,12497,shuffled-d0.02,shuffled,False,True,0.02,0.01,0.5,0.05,1.0,True,0.5,0.005,0.5,canonical,False,timestep,research/jobs/E2-CHANNEL-ABLATION-C4/workspace/runs/seed-12497--shuffled-d0.02/politeia.cfg,research/jobs/E2-CHANNEL-ABLATION-C4/workspace/runs/seed-12497--shuffled-d0.02,research/jobs/E2-CHANNEL-ABLATION-C4/workspace/inputs/seed-12497/shuffled-resource.npy,research/jobs/E2-CHANNEL-ABLATION-C4/workspace/inputs/seed-12497/initial-sigma-0.01-eps-0.5.csv,f873a5a975934b20b1345e3b4130ba6a3312e1eed3987f658d975550fcfcf0d7,f9b7d29c83350ccdf44c8c8a88a55342bdb31ef4be832404eef3c15e31303642,8d2863dec5f6f8bf3a0d4e5298c634131694fab69028e09f1d2c56cc8369a1fc,0.001104795884116821,0.0008394773334621558,0.8111302879403692,0.6836172912782532,0.6318763900045131,0.5080350351719607,0.0,3.3034172973977904e-09,1000.0,0.9951436953546503,0.010143523208891432,10.143523208891432,6.2368584622007e-11,True,0.0028427083702144765,1.5577253553492174,92.44248320508173,0.00026129521139935314,1.2504777460812615,115.15598774249779,0.0014258251977151918,2.854153385099911,50.45278952131692,0.00493004563682573,3.6118729202307946,39.86851231487916,0.0,1.0,144.0,-0.8976906722081165,144,0.10160700703439214
seed-12497--flat-d0.02,12497,flat-d0.02,flat,False,True,0.02,0.01,0.5,0.05,1.0,True,0.5,0.005,0.5,canonical,False,timestep,research/jobs/E2-CHANNEL-ABLATION-C4/workspace/runs/seed-12497--flat-d0.02/politeia.cfg,research/jobs/E2-CHANNEL-ABLATION-C4/workspace/runs/seed-12497--flat-d0.02,research/jobs/E2-CHANNEL-ABLATION-C4/workspace/inputs/seed-12497/flat-resource.npy,research/jobs/E2-CHANNEL-ABLATION-C4/workspace/inputs/seed-12497/initial-sigma-0.01-eps-0.5.csv,7633822c53bad1ddffcd330a05571c64c3b874fdbd1e21b0d95a7328883ce281,fef5f52118a113fddd5c6ae99bd8e5a852ca5fb3c11d66a225da7ae556df8466,8d2863dec5f6f8bf3a0d4e5298c634131694fab69028e09f1d2c56cc8369a1fc,,0.0008394773334621558,0.8111302879403692,0.6781160126203044,0.620547012115925,0.5100280645557079,0.0,9.900953429413495e-06,1000.0,1.0,0.01020056129111416,10.20056129111416,9.900953429413495e-06,True,0.0028427083702144765,1.5577253553492174,92.44248320508173,0.00026129521139935314,1.2504777460812615,115.15598774249779,0.006051280587897673,4.801826333843669,29.98858975491806,0.029748341665553096,9.310756632728085,15.465982591986995,0.0,1.0,144.0,-0.8979943870888583,144,0.10200561291114159
seed-12497--clustered-d0.01,12497,clustered-d0.01,clustered,False,True,0.01,0.005,0.5,0.05,1.0,True,0.5,0.005,0.5,canonical,False,timestep,research/jobs/E2-CHANNEL-ABLATION-C4/workspace/runs/seed-12497--clustered-d0.01/politeia.cfg,research/jobs/E2-CHANNEL-ABLATION-C4/workspace/runs/seed-12497--clustered-d0.01,research/jobs/E2-CHANNEL-ABLATION-C4/workspace/inputs/seed-12497/clustered-resource.npy,research/jobs/E2-CHANNEL-ABLATION-C4/workspace/inputs/seed-12497/initial-sigma-0.01-eps-0.5.csv,e0fdfa95bf64534036b45f96a6ba57c6561e8466392a9654b36c5f1fa72625f2,9d0f623cba214f84b7aa06b916693654c15c3680324ff9312ae41bcf81c61308,8d2863dec5f6f8bf3a0d4e5298c634131694fab69028e09f1d2c56cc8369a1fc,-0.0029457992809405896,0.0008394773334621558,0.8111302879403692,0.8372993813765843,1.6937422069722992,0.5066357725416987,0.0,6.066630792715888e-13,1000.0,0.9810268218055964,0.0049736589326162,4.973658932616201,5.80344093477051e-14,False,0.0028427083702144765,1.5577253553492174,92.44248320508173,0.00026129521139935314,1.2504777460812615,115.15598774249779,0.0006904327209658645,21.793894589563287,6.6073550740655165,0.33591342340154096,49.18977571874191,2.9274376208455495,0.0,1.0,144.0,-0.9023861931954694,144,0.10132715450833973
seed-12497--clustered-d0.04,12497,clustered-d0.04,clustered,False,True,0.04,0.02,0.5,0.05,1.0,True,0.5,0.005,0.5,canonical,False,timestep,research/jobs/E2-CHANNEL-ABLATION-C4/workspace/runs/seed-12497--clustered-d0.04/politeia.cfg,research/jobs/E2-CHANNEL-ABLATION-C4/workspace/runs/seed-12497--clustered-d0.04,research/jobs/E2-CHANNEL-ABLATION-C4/workspace/inputs/seed-12497/clustered-resource.npy,research/jobs/E2-CHANNEL-ABLATION-C4/workspace/inputs/seed-12497/initial-sigma-0.01-eps-0.5.csv,e0fdfa95bf64534036b45f96a6ba57c6561e8466392a9654b36c5f1fa72625f2,9d0f623cba214f84b7aa06b916693654c15c3680324ff9312ae41bcf81c61308,8d2863dec5f6f8bf3a0d4e5298c634131694fab69028e09f1d2c56cc8369a1fc,-0.0029457992809405896,0.0008394773334621558,0.8111302879403692,0.8441193724106083,1.688120793630154,0.5001901575769969,0.0,2.5495332157875605e-12,1000.0,0.9810268218055964,0.0198946357304648,19.894635730464802,2.321376373908204e-13,False,0.0028427083702144765,1.5577253553492174,92.44248320508173,0.00026129521139935314,1.2504777460812615,115.15598774249779,0.0007212695189843822,9.944690486316698,14.480088666221983,0.298274749878674,41.08788203829373,3.504682958975413,0.0,1.0,144.0,-0.9034328575327155,144,0.10003803151539939
seed-12503--clustered-d0.02,12503,clustered-d0.02,clustered,False,True,0.02,0.01,0.5,0.05,1.0,True,0.5,0.005,0.5,canonical,False,timestep,research/jobs/E2-CHANNEL-ABLATION-C4/workspace/runs/seed-12503--clustered-d0.02/politeia.cfg,research/jobs/E2-CHANNEL-ABLATION-C4/workspace/runs/seed-12503--clustered-d0.02,research/jobs/E2-CHANNEL-ABLATION-C4/workspace/inputs/seed-12503/clustered-resource.npy,research/jobs/E2-CHANNEL-ABLATION-C4/workspace/inputs/seed-12503/initial-sigma-0.01-eps-0.5.csv,9ca4eb76d29de1d22325e471d2b27941cfc54f0c0231776a022df30dbeaeb700,6221fabfead192486090b076bc60fef1cc719613752a4572658783a90bf3e7e1,e8befe89559a5b84aa8cf82d79e9867e9e513c464f439db1525464a6b99bc2ad,-0.011792377327630662,-6.695458995449648e-05,0.8112015901270555,0.7314914011027857,0.8116518868031385,0.4882193451298572,0.0,5.329063467008197e-09,1000.0,0.9718730377111294,0.009761771511548355,9.761771511548355,3.2885947304671227e-10,False,0.0012324843714529815,1.794777140355543,80.23280259267943,0.0006839927298875211,1.0494552762285942,137.2140416669206,0.013716229114347899,23.546159192783666,6.115647092207402,0.17379651593798898,36.14261150623122,3.984216801134403,0.0,1.0,144.0,-0.9002576702924463,144,0.09764386902597144
seed-12503--shuffled-d0.02,12503,shuffled-d0.02,shuffled,False,True,0.02,0.01,0.5,0.05,1.0,True,0.5,0.005,0.5,canonical,False,timestep,research/jobs/E2-CHANNEL-ABLATION-C4/workspace/runs/seed-12503--shuffled-d0.02/politeia.cfg,research/jobs/E2-CHANNEL-ABLATION-C4/workspace/runs/seed-12503--shuffled-d0.02,research/jobs/E2-CHANNEL-ABLATION-C4/workspace/inputs/seed-12503/shuffled-resource.npy,research/jobs/E2-CHANNEL-ABLATION-C4/workspace/inputs/seed-12503/initial-sigma-0.01-eps-0.5.csv,9e4d719fb36e1d85c58bd74c2375bf57665de16a1acf1f024b9e90ff59321653,2589942cda63276d01392e2317a7040758f98ff825d6f235118c3691102acfd9,e8befe89559a5b84aa8cf82d79e9867e9e513c464f439db1525464a6b99bc2ad,-0.002242599174650417,-6.695458995449648e-05,0.8112015901270555,0.6817768313327673,0.6292926355324141,0.5047669593606516,0.0,4.0758797577838445e-07,1000.0,1.0027122930436854,0.010087861064726193,10.087861064726193,1.6430828413275067e-07,True,0.0012324843714529815,1.794777140355543,80.23280259267943,0.0006839927298875211,1.0494552762285942,137.2140416669206,0.002376499032104824,3.8212361995348973,37.68414002189318,0.021156358482327237,4.049547221666755,35.55953100868669,0.0,1.0,144.0,-0.8998446155455149,144,0.10095339187213033
seed-12503--flat-d0.02,12503,flat-d0.02,flat,False,True,0.02,0.01,0.5,0.05,1.0,True,0.5,0.005,0.5,canonical,False,timestep,research/jobs/E2-CHANNEL-ABLATION-C4/workspace/runs/seed-12503--flat-d0.02/politeia.cfg,research/jobs/E2-CHANNEL-ABLATION-C4/workspace/runs/seed-12503--flat-d0.02,research/jobs/E2-CHANNEL-ABLATION-C4/workspace/inputs/seed-12503/flat-resource.npy,research/jobs/E2-CHANNEL-ABLATION-C4/workspace/inputs/seed-12503/initial-sigma-0.01-eps-0.5.csv,9301d310fd545703772c74e188ad4c892e0305c731b38f355210805f6c29385c,dd4dac632faac7c47d9997ffa1a8a84a1cdff39023c2195800bfe42ce6f21e29,e8befe89559a5b84aa8cf82d79e9867e9e513c464f439db1525464a6b99bc2ad,,-6.695458995449648e-05,0.8112015901270555,0.680345664272487,0.6172348641707223,0.5031854209304917,0.0,7.361016194274507e-06,1000.0,1.0,0.010063708418609834,10.063708418609833,7.361016194274507e-06,True,0.0012324843714529815,1.794777140355543,80.23280259267943,0.0006839927298875211,1.0494552762285942,137.2140416669206,0.0016629803205271232,3.8444219370635313,37.45686669085832,0.00548229382087461,5.844164544574015,24.63996331754486,0.0,1.0,144.0,-0.8993629158139016,144,0.10063708418609833
seed-12503--clustered-d0.01,12503,clustered-d0.01,clustered,False,True,0.01,0.005,0.5,0.05,1.0,True,0.5,0.005,0.5,canonical,False,timestep,research/jobs/E2-CHANNEL-ABLATION-C4/workspace/runs/seed-12503--clustered-d0.01/politeia.cfg,research/jobs/E2-CHANNEL-ABLATION-C4/workspace/runs/seed-12503--clustered-d0.01,research/jobs/E2-CHANNEL-ABLATION-C4/workspace/inputs/seed-12503/clustered-resource.npy,research/jobs/E2-CHANNEL-ABLATION-C4/workspace/inputs/seed-12503/initial-sigma-0.01-eps-0.5.csv,9ca4eb76d29de1d22325e471d2b27941cfc54f0c0231776a022df30dbeaeb700,6221fabfead192486090b076bc60fef1cc719613752a4572658783a90bf3e7e1,e8befe89559a5b84aa8cf82d79e9867e9e513c464f439db1525464a6b99bc2ad,-0.011792377327630662,-6.695458995449648e-05,0.8112015901270555,0.7440522348701148,0.8818606488555352,0.4894784467302517,0.0,2.6645317335040985e-09,1000.0,0.9718730377111294,0.004880885755774177,4.880885755774178,1.6442973652335614e-10,False,0.0012324843714529815,1.794777140355543,80.23280259267943,0.0006839927298875211,1.0494552762285942,137.2140416669206,0.008482411940033494,12.21912084782804,11.784808563015082,0.17681478261954028,40.8640346852488,3.5238811123068445,0.0,1.0,144.0,-0.9011271730738676,144,0.09789568934605034
seed-12503--clustered-d0.04,12503,clustered-d0.04,clustered,False,True,0.04,0.02,0.5,0.05,1.0,True,0.5,0.005,0.5,canonical,False,timestep,research/jobs/E2-CHANNEL-ABLATION-C4/workspace/runs/seed-12503--clustered-d0.04/politeia.cfg,research/jobs/E2-CHANNEL-ABLATION-C4/workspace/runs/seed-12503--clustered-d0.04,research/jobs/E2-CHANNEL-ABLATION-C4/workspace/inputs/seed-12503/clustered-resource.npy,research/jobs/E2-CHANNEL-ABLATION-C4/workspace/inputs/seed-12503/initial-sigma-0.01-eps-0.5.csv,9ca4eb76d29de1d22325e471d2b27941cfc54f0c0231776a022df30dbeaeb700,6221fabfead192486090b076bc60fef1cc719613752a4572658783a90bf3e7e1,e8befe89559a5b84aa8cf82d79e9867e9e513c464f439db1525464a6b99bc2ad,-0.011792377327630662,-6.695458995449648e-05,0.8112015901270555,0.7097462289000875,0.7140185830878187,0.48801515509796356,0.0,1.0658126934016394e-08,1000.0,0.9718730377111294,0.01952354302309671,19.52354302309671,6.577189460934245e-10,False,0.0012324843714529815,1.794777140355543,80.23280259267943,0.0006839927298875211,1.0494552762285942,137.2140416669206,0.016575487121601798,26.827443254631174,5.367637856251603,0.1614835716304571,32.23261747622497,4.467524243298438,0.0,1.0,144.0,-0.8998672139782997,144,0.09760303101959271
seed-12511--clustered-d0.02,12511,clustered-d0.02,clustered,False,True,0.02,0.01,0.5,0.05,1.0,True,0.5,0.005,0.5,canonical,False,timestep,research/jobs/E2-CHANNEL-ABLATION-C4/workspace/runs/seed-12511--clustered-d0.02/politeia.cfg,research/jobs/E2-CHANNEL-ABLATION-C4/workspace/runs/seed-12511--clustered-d0.02,research/jobs/E2-CHANNEL-ABLATION-C4/workspace/inputs/seed-12511/clustered-resource.npy,research/jobs/E2-CHANNEL-ABLATION-C4/workspace/inputs/seed-12511/initial-sigma-0.01-eps-0.5.csv,1eee5203abe15828959a107b3cc0b536d85f346352f4b3e707bc0587cbe94832,8d32c364929d3018147b10d5059212b888b2811f25a1b2bce5b371b63968e35c,38b169d8664bc015a6db22177c1bc2872344aac4f52f8d3f4fcbcac31a9ee676,-0.014081466676999468,-0.0015464145256080762,0.8111522810920552,0.8090612964496029,1.2625422648400344,0.47909518998806294,1.388888888888889e-05,0.0,1000.0,0.9486525246309072,0.009519443291704724,9.519443291704723,0.0,False,0.10928414046525389,1.2621904257358982,114.0873810035782,2.9956237729807647e-05,1.1405826599499536,126.25126179484302,0.003950514084171556,26.94666205528085,5.3438900782807615,0.06914237977106369,29.91609879437415,4.813461841725159,0.05804597701149422,1.0,144.0,-0.9051411803126954,144,0.09581903799761259
seed-12511--shuffled-d0.02,12511,shuffled-d0.02,shuffled,False,True,0.02,0.01,0.5,0.05,1.0,True,0.5,0.005,0.5,canonical,False,timestep,research/jobs/E2-CHANNEL-ABLATION-C4/workspace/runs/seed-12511--shuffled-d0.02/politeia.cfg,research/jobs/E2-CHANNEL-ABLATION-C4/workspace/runs/seed-12511--shuffled-d0.02,research/jobs/E2-CHANNEL-ABLATION-C4/workspace/inputs/seed-12511/shuffled-resource.npy,research/jobs/E2-CHANNEL-ABLATION-C4/workspace/inputs/seed-12511/initial-sigma-0.01-eps-0.5.csv,739a6bae54d1876c2816391ff41df02127c066e8aa924a1cae18815f9043dcca,a786cd3857b366aa38077614da7e0a902e8b458c144e37cb88dc2158d24c4180,38b169d8664bc015a6db22177c1bc2872344aac4f52f8d3f4fcbcac31a9ee676,-0.00010298543725058814,-0.0015464145256080762,0.8111522810920552,0.6810450842445923,0.6076732556407143,0.502581741925412,0.0,7.488426360771789e-09,1000.0,1.008534021598764,0.010090109617367043,10.090109617367043,8.34630947728265e-10,True,0.10928414046525389,1.2621904257358982,114.0873810035782,2.9956237729807647e-05,1.1405826599499536,126.25126179484302,0.0010550769169266167,3.2937178419403637,43.71959193540637,0.010326115117746405,11.096798895750032,12.976715298963436,0.0,1.0,144.0,-0.899677163436109,144,0.10051634838508242
seed-12511--flat-d0.02,12511,flat-d0.02,flat,False,True,0.02,0.01,0.5,0.05,1.0,True,0.5,0.005,0.5,canonical,False,timestep,research/jobs/E2-CHANNEL-ABLATION-C4/workspace/runs/seed-12511--flat-d0.02/politeia.cfg,research/jobs/E2-CHANNEL-ABLATION-C4/workspace/runs/seed-12511--flat-d0.02,research/jobs/E2-CHANNEL-ABLATION-C4/workspace/inputs/seed-12511/flat-resource.npy,research/jobs/E2-CHANNEL-ABLATION-C4/workspace/inputs/seed-12511/initial-sigma-0.01-eps-0.5.csv,7633822c53bad1ddffcd330a05571c64c3b874fdbd1e21b0d95a7328883ce281,fef5f52118a113fddd5c6ae99bd8e5a852ca5fb3c11d66a225da7ae556df8466,38b169d8664bc015a6db22177c1bc2872344aac4f52f8d3f4fcbcac31a9ee676,,-0.0015464145256080762,0.8111522810920552,0.677714916556098,0.5860114281538932,0.49976447169253585,0.0,1.2958486941958625e-05,1000.0,1.0,0.009995289433850717,9.995289433850717,1.2958486941958623e-05,True,0.10928414046525389,1.2621904257358982,114.0873810035782,2.9956237729807647e-05,1.1405826599499536,126.25126179484302,0.003606521095771507,4.421332278011311,32.56936844945079,0.03210786872306634,7.633377437849503,18.864519823949397,0.0,1.0,144.0,-0.9000471056614928,144,0.09995289433850717
seed-12511--clustered-d0.01,12511,clustered-d0.01,clustered,False,True,0.01,0.005,0.5,0.05,1.0,True,0.5,0.005,0.5,canonical,False,timestep,research/jobs/E2-CHANNEL-ABLATION-C4/workspace/runs/seed-12511--clustered-d0.01/politeia.cfg,research/jobs/E2-CHANNEL-ABLATION-C4/workspace/runs/seed-12511--clustered-d0.01,research/jobs/E2-CHANNEL-ABLATION-C4/workspace/inputs/seed-12511/clustered-resource.npy,research/jobs/E2-CHANNEL-ABLATION-C4/workspace/inputs/seed-12511/initial-sigma-0.01-eps-0.5.csv,1eee5203abe15828959a107b3cc0b536d85f346352f4b3e707bc0587cbe94832,8d32c364929d3018147b10d5059212b888b2811f25a1b2bce5b371b63968e35c,38b169d8664bc015a6db22177c1bc2872344aac4f52f8d3f4fcbcac31a9ee676,-0.014081466676999468,-0.0015464145256080762,0.8111522810920552,0.8031435541039633,1.2567359847149178,0.4827700300721992,1.388888888888889e-05,0.0,1000.0,0.9486525246309072,0.004759721645852362,4.759721645852362,0.0,False,0.10928414046525389,1.2621904257358982,114.0873810035782,2.9956237729807647e-05,1.1405826599499536,126.25126179484302,0.003771403149363128,29.541485645110367,4.874500955365273,0.08823460512714179,33.46562041677783,4.302923364534616,0.05804597701149422,1.0,144.0,-0.9059023615175751,144,0.09655400601443984
seed-12511--clustered-d0.04,12511,clustered-d0.04,clustered,False,True,0.04,0.02,0.5,0.05,1.0,True,0.5,0.005,0.5,canonical,False,timestep,research/jobs/E2-CHANNEL-ABLATION-C4/workspace/runs/seed-12511--clustered-d0.04/politeia.cfg,research/jobs/E2-CHANNEL-ABLATION-C4/workspace/runs/seed-12511--clustered-d0.04,research/jobs/E2-CHANNEL-ABLATION-C4/workspace/inputs/seed-12511/clustered-resource.npy,research/jobs/E2-CHANNEL-ABLATION-C4/workspace/inputs/seed-12511/initial-sigma-0.01-eps-0.5.csv,1eee5203abe15828959a107b3cc0b536d85f346352f4b3e707bc0587cbe94832,8d32c364929d3018147b10d5059212b888b2811f25a1b2bce5b371b63968e35c,38b169d8664bc015a6db22177c1bc2872344aac4f52f8d3f4fcbcac31a9ee676,-0.014081466676999468,-0.0015464145256080762,0.8111522810920552,0.8067808955898124,1.2113792180055925,0.4773382902841653,1.388888888888889e-05,0.0,1000.0,0.9486525246309072,0.019038886583409447,19.038886583409447,0.0,False,0.10928414046525389,1.2621904257358982,114.0873810035782,2.9956237729807647e-05,1.1405826599499536,126.25126179484302,0.006214725090038417,25.302504008710162,5.691136337748599,0.0698980947291664,25.101263063885295,5.736763111621324,0.05804597701149422,1.0,144.0,-0.903809187403637,144,0.09546765805683306
